### TRUNCATED by publish_state.py: 6318173 bytes on disk, over the 5.24288 MB cap.
### The last 2000 lines follow; the full file is on the machine that produced it, at logs/mt_f0.80_s42.log.

epoch 3/3:  42%|████▏     | 29619/69887 [32:15<33:18, 20.15it/s]
epoch 3/3:  42%|████▏     | 29622/69887 [32:15<33:19, 20.14it/s]
epoch 3/3:  42%|████▏     | 29625/69887 [32:15<33:24, 20.08it/s]  [checkpoint] step 169400 -> lcm_models/lcm_blt_mt_fraction0.8_s42_last.pth

epoch 3/3:  42%|████▏     | 29625/69887 [32:27<33:24, 20.08it/s]
epoch 3/3:  42%|████▏     | 29627/69887 [32:27<14:43:00,  1.32s/it]
epoch 3/3:  42%|████▏     | 29630/69887 [32:27<10:08:59,  1.10it/s]
epoch 3/3:  42%|████▏     | 29633/69887 [32:27<7:07:15,  1.57it/s] 
epoch 3/3:  42%|████▏     | 29636/69887 [32:27<5:04:41,  2.20it/s]
epoch 3/3:  42%|████▏     | 29639/69887 [32:28<3:41:07,  3.03it/s]
epoch 3/3:  42%|████▏     | 29642/69887 [32:28<2:43:41,  4.10it/s]
epoch 3/3:  42%|████▏     | 29645/69887 [32:28<2:04:00,  5.41it/s]
epoch 3/3:  42%|████▏     | 29648/69887 [32:28<1:36:25,  6.95it/s]
epoch 3/3:  42%|████▏     | 29651/69887 [32:28<1:17:15,  8.68it/s]
epoch 3/3:  42%|████▏     | 29654/69887 [32:28<1:03:58, 10.48it/s]
epoch 3/3:  42%|████▏     | 29657/69887 [32:28<54:39, 12.27it/s]  
epoch 3/3:  42%|████▏     | 29660/69887 [32:29<48:05, 13.94it/s]
epoch 3/3:  42%|████▏     | 29663/69887 [32:29<43:28, 15.42it/s]
epoch 3/3:  42%|████▏     | 29666/69887 [32:29<40:18, 16.63it/s]
epoch 3/3:  42%|████▏     | 29669/69887 [32:29<38:11, 17.55it/s]
epoch 3/3:  42%|████▏     | 29672/69887 [32:29<36:37, 18.30it/s]
epoch 3/3:  42%|████▏     | 29675/69887 [32:29<35:36, 18.82it/s]
epoch 3/3:  42%|████▏     | 29678/69887 [32:29<34:47, 19.26it/s]
epoch 3/3:  42%|████▏     | 29681/69887 [32:30<34:12, 19.59it/s]
epoch 3/3:  42%|████▏     | 29684/69887 [32:30<33:43, 19.87it/s]
epoch 3/3:  42%|████▏     | 29687/69887 [32:30<33:26, 20.04it/s]
epoch 3/3:  42%|████▏     | 29690/69887 [32:30<33:21, 20.09it/s]
epoch 3/3:  42%|████▏     | 29693/69887 [32:30<33:13, 20.17it/s]
epoch 3/3:  42%|████▏     | 29696/69887 [32:30<33:07, 20.22it/s]
epoch 3/3:  42%|████▏     | 29699/69887 [32:30<33:02, 20.27it/s]
epoch 3/3:  43%|████▎     | 29702/69887 [32:31<32:56, 20.33it/s]
epoch 3/3:  43%|████▎     | 29705/69887 [32:31<32:54, 20.35it/s]
epoch 3/3:  43%|████▎     | 29708/69887 [32:31<32:53, 20.36it/s]
epoch 3/3:  43%|████▎     | 29711/69887 [32:31<32:51, 20.38it/s]
epoch 3/3:  43%|████▎     | 29714/69887 [32:31<32:57, 20.32it/s]
epoch 3/3:  43%|████▎     | 29717/69887 [32:31<32:48, 20.40it/s]
epoch 3/3:  43%|████▎     | 29720/69887 [32:32<32:45, 20.43it/s]
epoch 3/3:  43%|████▎     | 29723/69887 [32:32<32:46, 20.43it/s]
epoch 3/3:  43%|████▎     | 29726/69887 [32:32<32:48, 20.40it/s]
epoch 3/3:  43%|████▎     | 29729/69887 [32:32<32:47, 20.42it/s]
epoch 3/3:  43%|████▎     | 29732/69887 [32:32<32:50, 20.38it/s]
epoch 3/3:  43%|████▎     | 29735/69887 [32:32<32:50, 20.37it/s]
epoch 3/3:  43%|████▎     | 29738/69887 [32:32<33:00, 20.27it/s]
epoch 3/3:  43%|████▎     | 29741/69887 [32:33<33:04, 20.23it/s]
epoch 3/3:  43%|████▎     | 29744/69887 [32:33<33:01, 20.26it/s]
epoch 3/3:  43%|████▎     | 29747/69887 [32:33<32:58, 20.28it/s]
epoch 3/3:  43%|████▎     | 29750/69887 [32:33<32:53, 20.33it/s]
epoch 3/3:  43%|████▎     | 29753/69887 [32:33<33:00, 20.27it/s]
epoch 3/3:  43%|████▎     | 29756/69887 [32:33<32:52, 20.35it/s]
epoch 3/3:  43%|████▎     | 29759/69887 [32:33<32:49, 20.37it/s]
epoch 3/3:  43%|████▎     | 29762/69887 [32:34<32:46, 20.40it/s]
epoch 3/3:  43%|████▎     | 29765/69887 [32:34<32:44, 20.42it/s]
epoch 3/3:  43%|████▎     | 29768/69887 [32:34<32:43, 20.44it/s]
epoch 3/3:  43%|████▎     | 29771/69887 [32:34<32:42, 20.44it/s]
epoch 3/3:  43%|████▎     | 29774/69887 [32:34<32:46, 20.40it/s]
epoch 3/3:  43%|████▎     | 29777/69887 [32:34<32:43, 20.42it/s]
epoch 3/3:  43%|████▎     | 29780/69887 [32:34<32:41, 20.45it/s]
epoch 3/3:  43%|████▎     | 29783/69887 [32:35<32:51, 20.34it/s]
epoch 3/3:  43%|████▎     | 29786/69887 [32:35<32:53, 20.32it/s]
epoch 3/3:  43%|████▎     | 29789/69887 [32:35<32:46, 20.39it/s]
epoch 3/3:  43%|████▎     | 29792/69887 [32:35<32:43, 20.42it/s]
epoch 3/3:  43%|████▎     | 29795/69887 [32:35<32:41, 20.44it/s]
epoch 3/3:  43%|████▎     | 29798/69887 [32:35<32:38, 20.47it/s]
epoch 3/3:  43%|████▎     | 29801/69887 [32:35<32:43, 20.42it/s]
epoch 3/3:  43%|████▎     | 29804/69887 [32:36<32:57, 20.27it/s]
epoch 3/3:  43%|████▎     | 29807/69887 [32:36<32:56, 20.28it/s]
epoch 3/3:  43%|████▎     | 29810/69887 [32:36<32:52, 20.31it/s]
epoch 3/3:  43%|████▎     | 29813/69887 [32:36<32:47, 20.37it/s]
epoch 3/3:  43%|████▎     | 29816/69887 [32:36<32:43, 20.41it/s]
epoch 3/3:  43%|████▎     | 29819/69887 [32:36<32:41, 20.42it/s]
epoch 3/3:  43%|████▎     | 29822/69887 [32:37<32:36, 20.48it/s]
epoch 3/3:  43%|████▎     | 29825/69887 [32:37<32:45, 20.38it/s]
epoch 3/3:  43%|████▎     | 29825/69887 [32:47<32:45, 20.38it/s]  [checkpoint] step 169600 -> lcm_models/lcm_blt_mt_fraction0.8_s42_last.pth

epoch 3/3:  43%|████▎     | 29826/69887 [32:48<16:17:19,  1.46s/it]
epoch 3/3:  43%|████▎     | 29828/69887 [32:48<12:09:38,  1.09s/it]
epoch 3/3:  43%|████▎     | 29831/69887 [32:48<7:58:25,  1.40it/s] 
epoch 3/3:  43%|████▎     | 29834/69887 [32:48<5:27:00,  2.04it/s]
epoch 3/3:  43%|████▎     | 29837/69887 [32:49<3:50:47,  2.89it/s]
epoch 3/3:  43%|████▎     | 29840/69887 [32:49<2:47:46,  3.98it/s]
epoch 3/3:  43%|████▎     | 29843/69887 [32:49<2:05:43,  5.31it/s]
epoch 3/3:  43%|████▎     | 29846/69887 [32:49<1:37:06,  6.87it/s]
epoch 3/3:  43%|████▎     | 29849/69887 [32:49<1:17:32,  8.61it/s]
epoch 3/3:  43%|████▎     | 29852/69887 [32:49<1:04:06, 10.41it/s]
epoch 3/3:  43%|████▎     | 29855/69887 [32:49<54:41, 12.20it/s]  
epoch 3/3:  43%|████▎     | 29858/69887 [32:50<48:07, 13.86it/s]
epoch 3/3:  43%|████▎     | 29861/69887 [32:50<43:35, 15.30it/s]
epoch 3/3:  43%|████▎     | 29864/69887 [32:50<40:32, 16.45it/s]
epoch 3/3:  43%|████▎     | 29867/69887 [32:50<38:18, 17.41it/s]
epoch 3/3:  43%|████▎     | 29870/69887 [32:50<36:43, 18.16it/s]
epoch 3/3:  43%|████▎     | 29873/69887 [32:50<35:30, 18.78it/s]
epoch 3/3:  43%|████▎     | 29876/69887 [32:51<34:49, 19.15it/s]
epoch 3/3:  43%|████▎     | 29879/69887 [32:51<34:16, 19.45it/s]
epoch 3/3:  43%|████▎     | 29882/69887 [32:51<33:47, 19.73it/s]
epoch 3/3:  43%|████▎     | 29885/69887 [32:51<33:27, 19.93it/s]
epoch 3/3:  43%|████▎     | 29888/69887 [32:51<33:26, 19.93it/s]
epoch 3/3:  43%|████▎     | 29891/69887 [32:51<33:15, 20.04it/s]
epoch 3/3:  43%|████▎     | 29894/69887 [32:51<33:07, 20.12it/s]
epoch 3/3:  43%|████▎     | 29897/69887 [32:52<32:58, 20.21it/s]
epoch 3/3:  43%|████▎     | 29900/69887 [32:52<32:50, 20.29it/s]
epoch 3/3:  43%|████▎     | 29903/69887 [32:52<32:44, 20.35it/s]
epoch 3/3:  43%|████▎     | 29906/69887 [32:52<32:46, 20.33it/s]
epoch 3/3:  43%|████▎     | 29909/69887 [32:52<32:48, 20.31it/s]
epoch 3/3:  43%|████▎     | 29912/69887 [32:52<32:54, 20.25it/s]
epoch 3/3:  43%|████▎     | 29915/69887 [32:52<32:49, 20.29it/s]
epoch 3/3:  43%|████▎     | 29918/69887 [32:53<32:44, 20.35it/s]
epoch 3/3:  43%|████▎     | 29921/69887 [32:53<32:45, 20.34it/s]
epoch 3/3:  43%|████▎     | 29924/69887 [32:53<32:42, 20.37it/s]
epoch 3/3:  43%|████▎     | 29927/69887 [32:53<32:48, 20.30it/s]
epoch 3/3:  43%|████▎     | 29930/69887 [32:53<32:47, 20.31it/s]
epoch 3/3:  43%|████▎     | 29933/69887 [32:53<32:42, 20.36it/s]
epoch 3/3:  43%|████▎     | 29936/69887 [32:53<32:37, 20.41it/s]
epoch 3/3:  43%|████▎     | 29939/69887 [32:54<32:36, 20.42it/s]
epoch 3/3:  43%|████▎     | 29942/69887 [32:54<32:32, 20.45it/s]
epoch 3/3:  43%|████▎     | 29945/69887 [32:54<32:44, 20.34it/s]
epoch 3/3:  43%|████▎     | 29948/69887 [32:54<32:42, 20.35it/s]
epoch 3/3:  43%|████▎     | 29951/69887 [32:54<32:45, 20.32it/s]
epoch 3/3:  43%|████▎     | 29954/69887 [32:54<32:44, 20.33it/s]
epoch 3/3:  43%|████▎     | 29957/69887 [32:55<32:39, 20.37it/s]
epoch 3/3:  43%|████▎     | 29960/69887 [32:55<32:32, 20.45it/s]
epoch 3/3:  43%|████▎     | 29963/69887 [32:55<32:30, 20.47it/s]
epoch 3/3:  43%|████▎     | 29966/69887 [32:55<32:30, 20.47it/s]
epoch 3/3:  43%|████▎     | 29969/69887 [32:55<32:26, 20.50it/s]
epoch 3/3:  43%|████▎     | 29972/69887 [32:55<32:28, 20.48it/s]
epoch 3/3:  43%|████▎     | 29975/69887 [32:55<32:39, 20.37it/s]
epoch 3/3:  43%|████▎     | 29978/69887 [32:56<32:47, 20.28it/s]
epoch 3/3:  43%|████▎     | 29981/69887 [32:56<32:44, 20.32it/s]
epoch 3/3:  43%|████▎     | 29984/69887 [32:56<32:39, 20.36it/s]
epoch 3/3:  43%|████▎     | 29987/69887 [32:56<32:40, 20.35it/s]
epoch 3/3:  43%|████▎     | 29990/69887 [32:56<32:43, 20.32it/s]
epoch 3/3:  43%|████▎     | 29993/69887 [32:56<32:43, 20.32it/s]
epoch 3/3:  43%|████▎     | 29996/69887 [32:56<32:38, 20.36it/s]
epoch 3/3:  43%|████▎     | 29999/69887 [32:57<32:38, 20.37it/s]
epoch 3/3:  43%|████▎     | 30002/69887 [32:57<32:40, 20.34it/s]
epoch 3/3:  43%|████▎     | 30005/69887 [32:57<32:44, 20.30it/s]
epoch 3/3:  43%|████▎     | 30008/69887 [32:57<32:51, 20.23it/s]
epoch 3/3:  43%|████▎     | 30011/69887 [32:57<33:01, 20.13it/s]
epoch 3/3:  43%|████▎     | 30014/69887 [32:57<33:01, 20.13it/s]
epoch 3/3:  43%|████▎     | 30017/69887 [32:57<32:58, 20.15it/s]
epoch 3/3:  43%|████▎     | 30020/69887 [32:58<32:57, 20.16it/s]
epoch 3/3:  43%|████▎     | 30023/69887 [32:58<32:56, 20.17it/s]  [checkpoint] step 169800 -> lcm_models/lcm_blt_mt_fraction0.8_s42_last.pth

epoch 3/3:  43%|████▎     | 30026/69887 [33:10<13:25:02,  1.21s/it]
epoch 3/3:  43%|████▎     | 30028/69887 [33:10<10:34:17,  1.05it/s]
epoch 3/3:  43%|████▎     | 30031/69887 [33:10<7:20:23,  1.51it/s] 
epoch 3/3:  43%|████▎     | 30033/69887 [33:10<5:44:43,  1.93it/s]
epoch 3/3:  43%|████▎     | 30036/69887 [33:10<4:00:11,  2.77it/s]
epoch 3/3:  43%|████▎     | 30038/69887 [33:10<3:10:11,  3.49it/s]
epoch 3/3:  43%|████▎     | 30041/69887 [33:10<2:16:34,  4.86it/s]
epoch 3/3:  43%|████▎     | 30044/69887 [33:10<1:42:39,  6.47it/s]
epoch 3/3:  43%|████▎     | 30046/69887 [33:11<1:26:09,  7.71it/s]
epoch 3/3:  43%|████▎     | 30049/69887 [33:11<1:08:10,  9.74it/s]
epoch 3/3:  43%|████▎     | 30052/69887 [33:11<56:46, 11.69it/s]  
epoch 3/3:  43%|████▎     | 30055/69887 [33:11<49:16, 13.47it/s]
epoch 3/3:  43%|████▎     | 30058/69887 [33:11<44:20, 14.97it/s]
epoch 3/3:  43%|████▎     | 30061/69887 [33:11<40:57, 16.21it/s]
epoch 3/3:  43%|████▎     | 30063/69887 [33:11<39:13, 16.92it/s]
epoch 3/3:  43%|████▎     | 30066/69887 [33:12<37:11, 17.84it/s]
epoch 3/3:  43%|████▎     | 30068/69887 [33:12<36:27, 18.21it/s]
epoch 3/3:  43%|████▎     | 30070/69887 [33:12<35:48, 18.54it/s]
epoch 3/3:  43%|████▎     | 30072/69887 [33:12<35:11, 18.85it/s]
epoch 3/3:  43%|████▎     | 30074/69887 [33:12<34:43, 19.11it/s]
epoch 3/3:  43%|████▎     | 30076/69887 [33:12<34:29, 19.24it/s]
epoch 3/3:  43%|████▎     | 30078/69887 [33:12<34:48, 19.06it/s]
epoch 3/3:  43%|████▎     | 30080/69887 [33:12<34:45, 19.09it/s]
epoch 3/3:  43%|████▎     | 30082/69887 [33:12<34:56, 18.99it/s]
epoch 3/3:  43%|████▎     | 30084/69887 [33:12<34:50, 19.04it/s]
epoch 3/3:  43%|████▎     | 30087/69887 [33:13<34:07, 19.44it/s]
epoch 3/3:  43%|████▎     | 30090/69887 [33:13<33:38, 19.71it/s]
epoch 3/3:  43%|████▎     | 30093/69887 [33:13<33:19, 19.91it/s]
epoch 3/3:  43%|████▎     | 30096/69887 [33:13<33:03, 20.06it/s]
epoch 3/3:  43%|████▎     | 30099/69887 [33:13<32:55, 20.14it/s]
epoch 3/3:  43%|████▎     | 30102/69887 [33:13<33:02, 20.07it/s]
epoch 3/3:  43%|████▎     | 30105/69887 [33:14<33:06, 20.03it/s]
epoch 3/3:  43%|████▎     | 30108/69887 [33:14<33:00, 20.09it/s]
epoch 3/3:  43%|████▎     | 30111/69887 [33:14<33:02, 20.06it/s]
epoch 3/3:  43%|████▎     | 30114/69887 [33:14<32:59, 20.09it/s]
epoch 3/3:  43%|████▎     | 30117/69887 [33:14<32:55, 20.13it/s]
epoch 3/3:  43%|████▎     | 30120/69887 [33:14<32:57, 20.11it/s]
epoch 3/3:  43%|████▎     | 30123/69887 [33:14<32:52, 20.16it/s]
epoch 3/3:  43%|████▎     | 30126/69887 [33:15<32:43, 20.25it/s]
epoch 3/3:  43%|████▎     | 30129/69887 [33:15<32:38, 20.30it/s]
epoch 3/3:  43%|████▎     | 30132/69887 [33:15<32:44, 20.24it/s]
epoch 3/3:  43%|████▎     | 30135/69887 [33:15<32:42, 20.26it/s]
epoch 3/3:  43%|████▎     | 30138/69887 [33:15<32:40, 20.28it/s]
epoch 3/3:  43%|████▎     | 30141/69887 [33:15<32:33, 20.34it/s]
epoch 3/3:  43%|████▎     | 30144/69887 [33:15<32:43, 20.24it/s]
epoch 3/3:  43%|████▎     | 30147/69887 [33:16<32:58, 20.09it/s]
epoch 3/3:  43%|████▎     | 30150/69887 [33:16<33:03, 20.04it/s]
epoch 3/3:  43%|████▎     | 30153/69887 [33:16<32:53, 20.13it/s]
epoch 3/3:  43%|████▎     | 30156/69887 [33:16<32:47, 20.20it/s]
epoch 3/3:  43%|████▎     | 30159/69887 [33:16<32:42, 20.25it/s]
epoch 3/3:  43%|████▎     | 30162/69887 [33:16<32:54, 20.12it/s]
epoch 3/3:  43%|████▎     | 30165/69887 [33:16<32:42, 20.24it/s]
epoch 3/3:  43%|████▎     | 30168/69887 [33:17<32:33, 20.33it/s]
epoch 3/3:  43%|████▎     | 30171/69887 [33:17<32:29, 20.37it/s]
epoch 3/3:  43%|████▎     | 30174/69887 [33:17<32:29, 20.37it/s]
epoch 3/3:  43%|████▎     | 30177/69887 [33:17<32:39, 20.27it/s]
epoch 3/3:  43%|████▎     | 30180/69887 [33:17<32:39, 20.26it/s]
epoch 3/3:  43%|████▎     | 30183/69887 [33:17<32:38, 20.28it/s]
epoch 3/3:  43%|████▎     | 30186/69887 [33:18<32:33, 20.32it/s]
epoch 3/3:  43%|████▎     | 30189/69887 [33:18<32:39, 20.26it/s]
epoch 3/3:  43%|████▎     | 30192/69887 [33:18<32:46, 20.19it/s]
epoch 3/3:  43%|████▎     | 30195/69887 [33:18<32:41, 20.24it/s]
epoch 3/3:  43%|████▎     | 30198/69887 [33:18<32:37, 20.28it/s]
epoch 3/3:  43%|████▎     | 30201/69887 [33:18<32:49, 20.15it/s]
epoch 3/3:  43%|████▎     | 30204/69887 [33:18<33:04, 19.99it/s]
epoch 3/3:  43%|████▎     | 30207/69887 [33:19<32:58, 20.05it/s]
epoch 3/3:  43%|████▎     | 30210/69887 [33:19<32:56, 20.07it/s]
epoch 3/3:  43%|████▎     | 30213/69887 [33:19<32:51, 20.12it/s]
epoch 3/3:  43%|████▎     | 30216/69887 [33:19<32:43, 20.20it/s]
epoch 3/3:  43%|████▎     | 30219/69887 [33:19<32:46, 20.17it/s]
epoch 3/3:  43%|████▎     | 30222/69887 [33:19<32:42, 20.21it/s]
epoch 3/3:  43%|████▎     | 30225/69887 [33:19<32:43, 20.20it/s]
epoch 3/3:  43%|████▎     | 30225/69887 [33:30<32:43, 20.20it/s]  [checkpoint] step 170000 -> lcm_models/lcm_blt_mt_fraction0.8_s42_last.pth

epoch 3/3:  43%|████▎     | 30226/69887 [33:30<15:31:34,  1.41s/it]
epoch 3/3:  43%|████▎     | 30228/69887 [33:30<11:35:12,  1.05s/it]
epoch 3/3:  43%|████▎     | 30231/69887 [33:31<7:36:36,  1.45it/s] 
epoch 3/3:  43%|████▎     | 30234/69887 [33:31<5:12:28,  2.12it/s]
epoch 3/3:  43%|████▎     | 30237/69887 [33:31<3:41:08,  2.99it/s]
epoch 3/3:  43%|████▎     | 30240/69887 [33:31<2:41:05,  4.10it/s]
epoch 3/3:  43%|████▎     | 30243/69887 [33:31<2:00:49,  5.47it/s]
epoch 3/3:  43%|████▎     | 30246/69887 [33:31<1:33:34,  7.06it/s]
epoch 3/3:  43%|████▎     | 30249/69887 [33:32<1:14:46,  8.83it/s]
epoch 3/3:  43%|████▎     | 30252/69887 [33:32<1:01:58, 10.66it/s]
epoch 3/3:  43%|████▎     | 30255/69887 [33:32<52:56, 12.48it/s]  
epoch 3/3:  43%|████▎     | 30258/69887 [33:32<46:39, 14.16it/s]
epoch 3/3:  43%|████▎     | 30261/69887 [33:32<42:20, 15.60it/s]
epoch 3/3:  43%|████▎     | 30264/69887 [33:32<39:16, 16.81it/s]
epoch 3/3:  43%|████▎     | 30267/69887 [33:32<37:13, 17.74it/s]
epoch 3/3:  43%|████▎     | 30270/69887 [33:33<35:45, 18.47it/s]
epoch 3/3:  43%|████▎     | 30273/69887 [33:33<34:46, 18.99it/s]
epoch 3/3:  43%|████▎     | 30276/69887 [33:33<34:13, 19.29it/s]
epoch 3/3:  43%|████▎     | 30279/69887 [33:33<33:38, 19.63it/s]
epoch 3/3:  43%|████▎     | 30282/69887 [33:33<33:24, 19.76it/s]
epoch 3/3:  43%|████▎     | 30285/69887 [33:33<33:03, 19.96it/s]
epoch 3/3:  43%|████▎     | 30288/69887 [33:33<32:44, 20.15it/s]
epoch 3/3:  43%|████▎     | 30291/69887 [33:34<32:44, 20.16it/s]
epoch 3/3:  43%|████▎     | 30294/69887 [33:34<32:35, 20.25it/s]
epoch 3/3:  43%|████▎     | 30297/69887 [33:34<32:28, 20.32it/s]
epoch 3/3:  43%|████▎     | 30300/69887 [33:34<32:22, 20.38it/s]
epoch 3/3:  43%|████▎     | 30303/69887 [33:34<32:17, 20.44it/s]
epoch 3/3:  43%|████▎     | 30306/69887 [33:34<32:17, 20.43it/s]
epoch 3/3:  43%|████▎     | 30309/69887 [33:34<32:19, 20.40it/s]
epoch 3/3:  43%|████▎     | 30312/69887 [33:35<32:17, 20.43it/s]
epoch 3/3:  43%|████▎     | 30315/69887 [33:35<32:14, 20.46it/s]
epoch 3/3:  43%|████▎     | 30318/69887 [33:35<32:14, 20.45it/s]
epoch 3/3:  43%|████▎     | 30321/69887 [33:35<32:28, 20.31it/s]
epoch 3/3:  43%|████▎     | 30324/69887 [33:35<32:24, 20.35it/s]
epoch 3/3:  43%|████▎     | 30327/69887 [33:35<32:23, 20.36it/s]
epoch 3/3:  43%|████▎     | 30330/69887 [33:35<32:27, 20.32it/s]
epoch 3/3:  43%|████▎     | 30333/69887 [33:36<32:28, 20.30it/s]
epoch 3/3:  43%|████▎     | 30336/69887 [33:36<32:31, 20.27it/s]
epoch 3/3:  43%|████▎     | 30339/69887 [33:36<32:32, 20.26it/s]
epoch 3/3:  43%|████▎     | 30342/69887 [33:36<32:23, 20.35it/s]
epoch 3/3:  43%|████▎     | 30345/69887 [33:36<32:16, 20.42it/s]
epoch 3/3:  43%|████▎     | 30348/69887 [33:36<32:17, 20.41it/s]
epoch 3/3:  43%|████▎     | 30351/69887 [33:37<32:15, 20.43it/s]
epoch 3/3:  43%|████▎     | 30354/69887 [33:37<32:16, 20.41it/s]
epoch 3/3:  43%|████▎     | 30357/69887 [33:37<32:15, 20.43it/s]
epoch 3/3:  43%|████▎     | 30360/69887 [33:37<32:59, 19.96it/s]
epoch 3/3:  43%|████▎     | 30363/69887 [33:37<32:49, 20.07it/s]
epoch 3/3:  43%|████▎     | 30366/69887 [33:37<32:36, 20.20it/s]
epoch 3/3:  43%|████▎     | 30369/69887 [33:37<32:27, 20.29it/s]
epoch 3/3:  43%|████▎     | 30372/69887 [33:38<32:21, 20.35it/s]
epoch 3/3:  43%|████▎     | 30375/69887 [33:38<32:17, 20.40it/s]
epoch 3/3:  43%|████▎     | 30378/69887 [33:38<32:15, 20.41it/s]
epoch 3/3:  43%|████▎     | 30381/69887 [33:38<32:12, 20.45it/s]
epoch 3/3:  43%|████▎     | 30384/69887 [33:38<32:11, 20.45it/s]
epoch 3/3:  43%|████▎     | 30387/69887 [33:38<32:10, 20.46it/s]
epoch 3/3:  43%|████▎     | 30390/69887 [33:38<32:08, 20.48it/s]
epoch 3/3:  43%|████▎     | 30393/69887 [33:39<32:07, 20.49it/s]
epoch 3/3:  43%|████▎     | 30396/69887 [33:39<32:04, 20.52it/s]
epoch 3/3:  43%|████▎     | 30399/69887 [33:39<32:04, 20.51it/s]
epoch 3/3:  44%|████▎     | 30402/69887 [33:39<32:03, 20.53it/s]
epoch 3/3:  44%|████▎     | 30405/69887 [33:39<32:01, 20.55it/s]
epoch 3/3:  44%|████▎     | 30408/69887 [33:39<32:00, 20.55it/s]
epoch 3/3:  44%|████▎     | 30411/69887 [33:39<31:57, 20.58it/s]
epoch 3/3:  44%|████▎     | 30414/69887 [33:40<31:59, 20.57it/s]
epoch 3/3:  44%|████▎     | 30417/69887 [33:40<32:15, 20.39it/s]
epoch 3/3:  44%|████▎     | 30420/69887 [33:40<32:12, 20.42it/s]
epoch 3/3:  44%|████▎     | 30423/69887 [33:40<32:09, 20.45it/s]
epoch 3/3:  44%|████▎     | 30423/69887 [33:50<32:09, 20.45it/s]  [checkpoint] step 170200 -> lcm_models/lcm_blt_mt_fraction0.8_s42_last.pth

epoch 3/3:  44%|████▎     | 30426/69887 [33:52<13:05:25,  1.19s/it]
epoch 3/3:  44%|████▎     | 30428/69887 [33:52<10:19:21,  1.06it/s]
epoch 3/3:  44%|████▎     | 30430/69887 [33:52<7:58:06,  1.38it/s] 
epoch 3/3:  44%|████▎     | 30432/69887 [33:52<6:04:04,  1.81it/s]
epoch 3/3:  44%|████▎     | 30434/69887 [33:52<4:35:25,  2.39it/s]
epoch 3/3:  44%|████▎     | 30436/69887 [33:52<3:28:24,  3.16it/s]
epoch 3/3:  44%|████▎     | 30439/69887 [33:52<2:22:53,  4.60it/s]
epoch 3/3:  44%|████▎     | 30442/69887 [33:52<1:44:39,  6.28it/s]
epoch 3/3:  44%|████▎     | 30445/69887 [33:53<1:20:41,  8.15it/s]
epoch 3/3:  44%|████▎     | 30448/69887 [33:53<1:05:06, 10.09it/s]
epoch 3/3:  44%|████▎     | 30451/69887 [33:53<54:44, 12.01it/s]  
epoch 3/3:  44%|████▎     | 30454/69887 [33:53<47:45, 13.76it/s]
epoch 3/3:  44%|████▎     | 30457/69887 [33:53<43:02, 15.27it/s]
epoch 3/3:  44%|████▎     | 30460/69887 [33:53<39:46, 16.52it/s]
epoch 3/3:  44%|████▎     | 30463/69887 [33:54<37:31, 17.51it/s]
epoch 3/3:  44%|████▎     | 30466/69887 [33:54<35:54, 18.30it/s]
epoch 3/3:  44%|████▎     | 30469/69887 [33:54<35:04, 18.73it/s]
epoch 3/3:  44%|████▎     | 30472/69887 [33:54<34:22, 19.11it/s]
epoch 3/3:  44%|████▎     | 30475/69887 [33:54<33:55, 19.37it/s]
epoch 3/3:  44%|████▎     | 30478/69887 [33:54<33:33, 19.58it/s]
epoch 3/3:  44%|████▎     | 30481/69887 [33:54<33:11, 19.79it/s]
epoch 3/3:  44%|████▎     | 30484/69887 [33:55<32:59, 19.90it/s]
epoch 3/3:  44%|████▎     | 30487/69887 [33:55<32:46, 20.04it/s]
epoch 3/3:  44%|████▎     | 30490/69887 [33:55<32:45, 20.05it/s]
epoch 3/3:  44%|████▎     | 30493/69887 [33:55<32:47, 20.03it/s]
epoch 3/3:  44%|████▎     | 30496/69887 [33:55<32:36, 20.13it/s]
epoch 3/3:  44%|████▎     | 30499/69887 [33:55<32:33, 20.16it/s]
epoch 3/3:  44%|████▎     | 30502/69887 [33:55<32:23, 20.27it/s]
epoch 3/3:  44%|████▎     | 30505/69887 [33:56<32:26, 20.23it/s]
epoch 3/3:  44%|████▎     | 30508/69887 [33:56<32:21, 20.29it/s]
epoch 3/3:  44%|████▎     | 30511/69887 [33:56<32:14, 20.36it/s]
epoch 3/3:  44%|████▎     | 30514/69887 [33:56<32:09, 20.41it/s]
epoch 3/3:  44%|████▎     | 30517/69887 [33:56<32:13, 20.36it/s]
epoch 3/3:  44%|████▎     | 30520/69887 [33:56<32:12, 20.37it/s]
epoch 3/3:  44%|████▎     | 30523/69887 [33:56<32:22, 20.27it/s]
epoch 3/3:  44%|████▎     | 30526/69887 [33:57<32:25, 20.23it/s]
epoch 3/3:  44%|████▎     | 30529/69887 [33:57<32:47, 20.01it/s]
epoch 3/3:  44%|████▎     | 30532/69887 [33:57<32:42, 20.06it/s]
epoch 3/3:  44%|████▎     | 30535/69887 [33:57<32:45, 20.02it/s]
epoch 3/3:  44%|████▎     | 30538/69887 [33:57<32:48, 19.99it/s]
epoch 3/3:  44%|████▎     | 30541/69887 [33:57<32:39, 20.08it/s]
epoch 3/3:  44%|████▎     | 30544/69887 [33:58<32:36, 20.11it/s]
epoch 3/3:  44%|████▎     | 30547/69887 [33:58<32:37, 20.10it/s]
epoch 3/3:  44%|████▎     | 30550/69887 [33:58<32:33, 20.13it/s]
epoch 3/3:  44%|████▎     | 30553/69887 [33:58<32:26, 20.20it/s]
epoch 3/3:  44%|████▎     | 30556/69887 [33:58<32:24, 20.23it/s]
epoch 3/3:  44%|████▎     | 30559/69887 [33:58<32:35, 20.11it/s]
epoch 3/3:  44%|████▎     | 30562/69887 [33:58<32:34, 20.12it/s]
epoch 3/3:  44%|████▎     | 30565/69887 [33:59<32:33, 20.13it/s]
epoch 3/3:  44%|████▎     | 30568/69887 [33:59<32:29, 20.17it/s]
epoch 3/3:  44%|████▎     | 30571/69887 [33:59<32:28, 20.17it/s]
epoch 3/3:  44%|████▎     | 30574/69887 [33:59<32:28, 20.18it/s]
epoch 3/3:  44%|████▍     | 30577/69887 [33:59<32:21, 20.25it/s]
epoch 3/3:  44%|████▍     | 30580/69887 [33:59<32:15, 20.31it/s]
epoch 3/3:  44%|████▍     | 30583/69887 [33:59<32:14, 20.32it/s]
epoch 3/3:  44%|████▍     | 30586/69887 [34:00<32:20, 20.26it/s]
epoch 3/3:  44%|████▍     | 30589/69887 [34:00<32:18, 20.27it/s]
epoch 3/3:  44%|████▍     | 30592/69887 [34:00<32:13, 20.32it/s]
epoch 3/3:  44%|████▍     | 30595/69887 [34:00<32:11, 20.34it/s]
epoch 3/3:  44%|████▍     | 30598/69887 [34:00<32:11, 20.34it/s]
epoch 3/3:  44%|████▍     | 30601/69887 [34:00<32:10, 20.35it/s]
epoch 3/3:  44%|████▍     | 30604/69887 [34:00<32:07, 20.38it/s]
epoch 3/3:  44%|████▍     | 30607/69887 [34:01<32:08, 20.37it/s]
epoch 3/3:  44%|████▍     | 30610/69887 [34:01<32:08, 20.36it/s]
epoch 3/3:  44%|████▍     | 30613/69887 [34:01<32:08, 20.37it/s]
epoch 3/3:  44%|████▍     | 30616/69887 [34:01<32:07, 20.38it/s]
epoch 3/3:  44%|████▍     | 30619/69887 [34:01<32:03, 20.42it/s]
epoch 3/3:  44%|████▍     | 30622/69887 [34:01<32:00, 20.44it/s]
epoch 3/3:  44%|████▍     | 30625/69887 [34:02<31:57, 20.48it/s]  [checkpoint] step 170400 -> lcm_models/lcm_blt_mt_fraction0.8_s42_last.pth

epoch 3/3:  44%|████▍     | 30628/69887 [34:13<12:50:36,  1.18s/it]
epoch 3/3:  44%|████▍     | 30631/69887 [34:13<9:09:00,  1.19it/s] 
epoch 3/3:  44%|████▍     | 30634/69887 [34:13<6:33:55,  1.66it/s]
epoch 3/3:  44%|████▍     | 30637/69887 [34:13<4:45:18,  2.29it/s]
epoch 3/3:  44%|████▍     | 30640/69887 [34:14<3:29:20,  3.12it/s]
epoch 3/3:  44%|████▍     | 30643/69887 [34:14<2:36:11,  4.19it/s]
epoch 3/3:  44%|████▍     | 30646/69887 [34:14<1:58:53,  5.50it/s]
epoch 3/3:  44%|████▍     | 30649/69887 [34:14<1:32:50,  7.04it/s]
epoch 3/3:  44%|████▍     | 30652/69887 [34:14<1:14:31,  8.77it/s]
epoch 3/3:  44%|████▍     | 30655/69887 [34:14<1:01:42, 10.60it/s]
epoch 3/3:  44%|████▍     | 30658/69887 [34:14<52:44, 12.40it/s]  
epoch 3/3:  44%|████▍     | 30661/69887 [34:15<46:26, 14.08it/s]
epoch 3/3:  44%|████▍     | 30664/69887 [34:15<42:41, 15.31it/s]
epoch 3/3:  44%|████▍     | 30667/69887 [34:15<39:32, 16.53it/s]
epoch 3/3:  44%|████▍     | 30670/69887 [34:15<37:19, 17.51it/s]
epoch 3/3:  44%|████▍     | 30673/69887 [34:15<35:44, 18.29it/s]
epoch 3/3:  44%|████▍     | 30676/69887 [34:15<34:39, 18.85it/s]
epoch 3/3:  44%|████▍     | 30679/69887 [34:15<34:03, 19.19it/s]
epoch 3/3:  44%|████▍     | 30682/69887 [34:16<33:31, 19.49it/s]
epoch 3/3:  44%|████▍     | 30685/69887 [34:16<33:05, 19.75it/s]
epoch 3/3:  44%|████▍     | 30688/69887 [34:16<32:48, 19.92it/s]
epoch 3/3:  44%|████▍     | 30691/69887 [34:16<32:33, 20.06it/s]
epoch 3/3:  44%|████▍     | 30694/69887 [34:16<32:21, 20.18it/s]
epoch 3/3:  44%|████▍     | 30697/69887 [34:16<32:12, 20.28it/s]
epoch 3/3:  44%|████▍     | 30700/69887 [34:16<32:06, 20.35it/s]
epoch 3/3:  44%|████▍     | 30703/69887 [34:17<31:59, 20.42it/s]
epoch 3/3:  44%|████▍     | 30706/69887 [34:17<31:53, 20.48it/s]
epoch 3/3:  44%|████▍     | 30709/69887 [34:17<31:50, 20.50it/s]
epoch 3/3:  44%|████▍     | 30712/69887 [34:17<31:50, 20.51it/s]
epoch 3/3:  44%|████▍     | 30715/69887 [34:17<31:51, 20.49it/s]
epoch 3/3:  44%|████▍     | 30718/69887 [34:17<31:52, 20.48it/s]
epoch 3/3:  44%|████▍     | 30721/69887 [34:18<31:51, 20.49it/s]
epoch 3/3:  44%|████▍     | 30724/69887 [34:18<31:49, 20.51it/s]
epoch 3/3:  44%|████▍     | 30727/69887 [34:18<31:47, 20.53it/s]
epoch 3/3:  44%|████▍     | 30730/69887 [34:18<31:45, 20.54it/s]
epoch 3/3:  44%|████▍     | 30733/69887 [34:18<31:52, 20.47it/s]
epoch 3/3:  44%|████▍     | 30736/69887 [34:18<31:54, 20.45it/s]
epoch 3/3:  44%|████▍     | 30739/69887 [34:18<32:06, 20.32it/s]
epoch 3/3:  44%|████▍     | 30742/69887 [34:19<32:16, 20.22it/s]
epoch 3/3:  44%|████▍     | 30745/69887 [34:19<32:13, 20.24it/s]
epoch 3/3:  44%|████▍     | 30748/69887 [34:19<32:18, 20.19it/s]
epoch 3/3:  44%|████▍     | 30751/69887 [34:19<32:22, 20.15it/s]
epoch 3/3:  44%|████▍     | 30754/69887 [34:19<32:17, 20.20it/s]
epoch 3/3:  44%|████▍     | 30757/69887 [34:19<32:09, 20.28it/s]
epoch 3/3:  44%|████▍     | 30760/69887 [34:19<32:18, 20.19it/s]
epoch 3/3:  44%|████▍     | 30763/69887 [34:20<32:21, 20.15it/s]
epoch 3/3:  44%|████▍     | 30766/69887 [34:20<32:18, 20.18it/s]
epoch 3/3:  44%|████▍     | 30769/69887 [34:20<32:11, 20.26it/s]
epoch 3/3:  44%|████▍     | 30772/69887 [34:20<32:11, 20.25it/s]
epoch 3/3:  44%|████▍     | 30775/69887 [34:20<32:15, 20.20it/s]
epoch 3/3:  44%|████▍     | 30778/69887 [34:20<32:12, 20.23it/s]
epoch 3/3:  44%|████▍     | 30781/69887 [34:20<32:13, 20.23it/s]
epoch 3/3:  44%|████▍     | 30784/69887 [34:21<32:06, 20.29it/s]
epoch 3/3:  44%|████▍     | 30787/69887 [34:21<32:00, 20.36it/s]
epoch 3/3:  44%|████▍     | 30790/69887 [34:21<31:57, 20.39it/s]
epoch 3/3:  44%|████▍     | 30793/69887 [34:21<32:00, 20.36it/s]
epoch 3/3:  44%|████▍     | 30796/69887 [34:21<31:59, 20.37it/s]
epoch 3/3:  44%|████▍     | 30799/69887 [34:21<32:01, 20.35it/s]
epoch 3/3:  44%|████▍     | 30802/69887 [34:21<31:54, 20.41it/s]
epoch 3/3:  44%|████▍     | 30805/69887 [34:22<32:00, 20.35it/s]
epoch 3/3:  44%|████▍     | 30808/69887 [34:22<31:56, 20.39it/s]
epoch 3/3:  44%|████▍     | 30811/69887 [34:22<31:54, 20.41it/s]
epoch 3/3:  44%|████▍     | 30814/69887 [34:22<31:56, 20.39it/s]
epoch 3/3:  44%|████▍     | 30817/69887 [34:22<31:54, 20.40it/s]
epoch 3/3:  44%|████▍     | 30820/69887 [34:22<31:59, 20.35it/s]
epoch 3/3:  44%|████▍     | 30823/69887 [34:23<31:57, 20.37it/s]  [checkpoint] step 170600 -> lcm_models/lcm_blt_mt_fraction0.8_s42_last.pth

epoch 3/3:  44%|████▍     | 30826/69887 [34:34<12:34:31,  1.16s/it]
epoch 3/3:  44%|████▍     | 30828/69887 [34:34<9:54:08,  1.10it/s] 
epoch 3/3:  44%|████▍     | 30831/69887 [34:34<6:52:52,  1.58it/s]
epoch 3/3:  44%|████▍     | 30834/69887 [34:34<4:52:46,  2.22it/s]
epoch 3/3:  44%|████▍     | 30837/69887 [34:34<3:31:44,  3.07it/s]
epoch 3/3:  44%|████▍     | 30840/69887 [34:34<2:36:29,  4.16it/s]
epoch 3/3:  44%|████▍     | 30843/69887 [34:35<1:59:15,  5.46it/s]
epoch 3/3:  44%|████▍     | 30845/69887 [34:35<1:39:43,  6.52it/s]
epoch 3/3:  44%|████▍     | 30848/69887 [34:35<1:17:39,  8.38it/s]
epoch 3/3:  44%|████▍     | 30851/69887 [34:35<1:03:09, 10.30it/s]
epoch 3/3:  44%|████▍     | 30854/69887 [34:35<53:27, 12.17it/s]  
epoch 3/3:  44%|████▍     | 30857/69887 [34:35<46:54, 13.87it/s]
epoch 3/3:  44%|████▍     | 30860/69887 [34:35<42:53, 15.17it/s]
epoch 3/3:  44%|████▍     | 30863/69887 [34:36<39:40, 16.40it/s]
epoch 3/3:  44%|████▍     | 30866/69887 [34:36<37:22, 17.40it/s]
epoch 3/3:  44%|████▍     | 30869/69887 [34:36<35:56, 18.09it/s]
epoch 3/3:  44%|████▍     | 30872/69887 [34:36<34:53, 18.64it/s]
epoch 3/3:  44%|████▍     | 30875/69887 [34:36<33:59, 19.12it/s]
epoch 3/3:  44%|████▍     | 30878/69887 [34:36<33:27, 19.43it/s]
epoch 3/3:  44%|████▍     | 30881/69887 [34:37<32:58, 19.71it/s]
epoch 3/3:  44%|████▍     | 30884/69887 [34:37<32:39, 19.91it/s]
epoch 3/3:  44%|████▍     | 30887/69887 [34:37<32:35, 19.94it/s]
epoch 3/3:  44%|████▍     | 30890/69887 [34:37<32:26, 20.04it/s]
epoch 3/3:  44%|████▍     | 30893/69887 [34:37<32:21, 20.08it/s]
epoch 3/3:  44%|████▍     | 30896/69887 [34:37<32:24, 20.05it/s]
epoch 3/3:  44%|████▍     | 30899/69887 [34:37<32:23, 20.07it/s]
epoch 3/3:  44%|████▍     | 30902/69887 [34:38<32:27, 20.02it/s]
epoch 3/3:  44%|████▍     | 30905/69887 [34:38<32:19, 20.10it/s]
epoch 3/3:  44%|████▍     | 30908/69887 [34:38<32:15, 20.14it/s]
epoch 3/3:  44%|████▍     | 30911/69887 [34:38<32:06, 20.23it/s]
epoch 3/3:  44%|████▍     | 30914/69887 [34:38<32:15, 20.14it/s]
epoch 3/3:  44%|████▍     | 30917/69887 [34:38<32:08, 20.21it/s]
epoch 3/3:  44%|████▍     | 30920/69887 [34:38<32:03, 20.26it/s]
epoch 3/3:  44%|████▍     | 30923/69887 [34:39<32:00, 20.29it/s]
epoch 3/3:  44%|████▍     | 30926/69887 [34:39<31:57, 20.32it/s]
epoch 3/3:  44%|████▍     | 30929/69887 [34:39<32:05, 20.24it/s]
epoch 3/3:  44%|████▍     | 30932/69887 [34:39<32:01, 20.27it/s]
epoch 3/3:  44%|████▍     | 30935/69887 [34:39<31:59, 20.29it/s]
epoch 3/3:  44%|████▍     | 30938/69887 [34:39<31:55, 20.34it/s]
epoch 3/3:  44%|████▍     | 30941/69887 [34:39<31:57, 20.31it/s]
epoch 3/3:  44%|████▍     | 30944/69887 [34:40<31:55, 20.33it/s]
epoch 3/3:  44%|████▍     | 30947/69887 [34:40<32:00, 20.27it/s]
epoch 3/3:  44%|████▍     | 30950/69887 [34:40<31:57, 20.31it/s]
epoch 3/3:  44%|████▍     | 30953/69887 [34:40<31:53, 20.35it/s]
epoch 3/3:  44%|████▍     | 30956/69887 [34:40<31:50, 20.38it/s]
epoch 3/3:  44%|████▍     | 30959/69887 [34:40<31:48, 20.39it/s]
epoch 3/3:  44%|████▍     | 30962/69887 [34:41<31:46, 20.41it/s]
epoch 3/3:  44%|████▍     | 30965/69887 [34:41<31:46, 20.42it/s]
epoch 3/3:  44%|████▍     | 30968/69887 [34:41<31:50, 20.37it/s]
epoch 3/3:  44%|████▍     | 30971/69887 [34:41<31:50, 20.37it/s]
epoch 3/3:  44%|████▍     | 30974/69887 [34:41<31:47, 20.40it/s]
epoch 3/3:  44%|████▍     | 30977/69887 [34:41<31:46, 20.41it/s]
epoch 3/3:  44%|████▍     | 30980/69887 [34:41<31:45, 20.42it/s]
epoch 3/3:  44%|████▍     | 30983/69887 [34:42<31:52, 20.34it/s]
epoch 3/3:  44%|████▍     | 30986/69887 [34:42<31:48, 20.38it/s]
epoch 3/3:  44%|████▍     | 30989/69887 [34:42<31:55, 20.31it/s]
epoch 3/3:  44%|████▍     | 30992/69887 [34:42<31:52, 20.34it/s]
epoch 3/3:  44%|████▍     | 30995/69887 [34:42<31:46, 20.40it/s]
epoch 3/3:  44%|████▍     | 30998/69887 [34:42<31:46, 20.40it/s]
epoch 3/3:  44%|████▍     | 31001/69887 [34:42<31:49, 20.37it/s]
epoch 3/3:  44%|████▍     | 31004/69887 [34:43<31:47, 20.38it/s]
epoch 3/3:  44%|████▍     | 31007/69887 [34:43<31:43, 20.42it/s]
epoch 3/3:  44%|████▍     | 31010/69887 [34:43<31:49, 20.36it/s]
epoch 3/3:  44%|████▍     | 31013/69887 [34:43<31:47, 20.38it/s]
epoch 3/3:  44%|████▍     | 31016/69887 [34:43<31:51, 20.33it/s]
epoch 3/3:  44%|████▍     | 31019/69887 [34:43<31:46, 20.38it/s]
epoch 3/3:  44%|████▍     | 31022/69887 [34:43<31:41, 20.43it/s]
epoch 3/3:  44%|████▍     | 31025/69887 [34:44<31:36, 20.49it/s]  [checkpoint] step 170800 -> lcm_models/lcm_blt_mt_fraction0.8_s42_last.pth

epoch 3/3:  44%|████▍     | 31028/69887 [34:55<12:27:20,  1.15s/it]
epoch 3/3:  44%|████▍     | 31031/69887 [34:55<8:52:39,  1.22it/s] 
epoch 3/3:  44%|████▍     | 31034/69887 [34:55<6:22:29,  1.69it/s]
epoch 3/3:  44%|████▍     | 31037/69887 [34:55<4:37:19,  2.33it/s]
epoch 3/3:  44%|████▍     | 31040/69887 [34:55<3:23:44,  3.18it/s]
epoch 3/3:  44%|████▍     | 31043/69887 [34:56<2:32:09,  4.25it/s]
epoch 3/3:  44%|████▍     | 31046/69887 [34:56<1:56:00,  5.58it/s]
epoch 3/3:  44%|████▍     | 31049/69887 [34:56<1:30:41,  7.14it/s]
epoch 3/3:  44%|████▍     | 31052/69887 [34:56<1:13:00,  8.87it/s]
epoch 3/3:  44%|████▍     | 31055/69887 [34:56<1:00:34, 10.69it/s]
epoch 3/3:  44%|████▍     | 31058/69887 [34:56<51:53, 12.47it/s]  
epoch 3/3:  44%|████▍     | 31061/69887 [34:56<45:57, 14.08it/s]
epoch 3/3:  44%|████▍     | 31064/69887 [34:57<41:43, 15.51it/s]
epoch 3/3:  44%|████▍     | 31067/69887 [34:57<38:47, 16.68it/s]
epoch 3/3:  44%|████▍     | 31070/69887 [34:57<36:52, 17.54it/s]
epoch 3/3:  44%|████▍     | 31073/69887 [34:57<35:23, 18.27it/s]
epoch 3/3:  44%|████▍     | 31076/69887 [34:57<34:15, 18.88it/s]
epoch 3/3:  44%|████▍     | 31079/69887 [34:57<33:37, 19.23it/s]
epoch 3/3:  44%|████▍     | 31082/69887 [34:57<33:08, 19.51it/s]
epoch 3/3:  44%|████▍     | 31085/69887 [34:58<32:43, 19.76it/s]
epoch 3/3:  44%|████▍     | 31088/69887 [34:58<32:29, 19.90it/s]
epoch 3/3:  44%|████▍     | 31091/69887 [34:58<32:10, 20.10it/s]
epoch 3/3:  44%|████▍     | 31094/69887 [34:58<31:58, 20.22it/s]
epoch 3/3:  44%|████▍     | 31097/69887 [34:58<31:53, 20.28it/s]
epoch 3/3:  45%|████▍     | 31100/69887 [34:58<32:01, 20.19it/s]
epoch 3/3:  45%|████▍     | 31103/69887 [34:58<32:14, 20.05it/s]
epoch 3/3:  45%|████▍     | 31106/69887 [34:59<32:19, 20.00it/s]
epoch 3/3:  45%|████▍     | 31109/69887 [34:59<32:16, 20.02it/s]
epoch 3/3:  45%|████▍     | 31112/69887 [34:59<32:11, 20.07it/s]
epoch 3/3:  45%|████▍     | 31115/69887 [34:59<32:05, 20.14it/s]
epoch 3/3:  45%|████▍     | 31118/69887 [34:59<31:57, 20.22it/s]
epoch 3/3:  45%|████▍     | 31121/69887 [34:59<32:00, 20.19it/s]
epoch 3/3:  45%|████▍     | 31124/69887 [35:00<31:55, 20.23it/s]
epoch 3/3:  45%|████▍     | 31127/69887 [35:00<31:51, 20.27it/s]
epoch 3/3:  45%|████▍     | 31130/69887 [35:00<31:54, 20.24it/s]
epoch 3/3:  45%|████▍     | 31133/69887 [35:00<31:45, 20.34it/s]
epoch 3/3:  45%|████▍     | 31136/69887 [35:00<31:58, 20.20it/s]
epoch 3/3:  45%|████▍     | 31139/69887 [35:00<31:52, 20.26it/s]
epoch 3/3:  45%|████▍     | 31142/69887 [35:00<31:45, 20.33it/s]
epoch 3/3:  45%|████▍     | 31145/69887 [35:01<31:53, 20.24it/s]
epoch 3/3:  45%|████▍     | 31148/69887 [35:01<31:50, 20.27it/s]
epoch 3/3:  45%|████▍     | 31151/69887 [35:01<31:43, 20.35it/s]
epoch 3/3:  45%|████▍     | 31154/69887 [35:01<31:38, 20.40it/s]
epoch 3/3:  45%|████▍     | 31157/69887 [35:01<31:33, 20.46it/s]
epoch 3/3:  45%|████▍     | 31160/69887 [35:01<31:31, 20.47it/s]
epoch 3/3:  45%|████▍     | 31163/69887 [35:01<31:29, 20.49it/s]
epoch 3/3:  45%|████▍     | 31166/69887 [35:02<31:30, 20.48it/s]
epoch 3/3:  45%|████▍     | 31169/69887 [35:02<31:28, 20.50it/s]
epoch 3/3:  45%|████▍     | 31172/69887 [35:02<31:32, 20.46it/s]
epoch 3/3:  45%|████▍     | 31175/69887 [35:02<31:31, 20.46it/s]
epoch 3/3:  45%|████▍     | 31178/69887 [35:02<31:34, 20.44it/s]
epoch 3/3:  45%|████▍     | 31181/69887 [35:02<31:33, 20.44it/s]
epoch 3/3:  45%|████▍     | 31184/69887 [35:02<31:30, 20.48it/s]
epoch 3/3:  45%|████▍     | 31187/69887 [35:03<31:29, 20.48it/s]
epoch 3/3:  45%|████▍     | 31190/69887 [35:03<31:28, 20.49it/s]
epoch 3/3:  45%|████▍     | 31193/69887 [35:03<31:36, 20.40it/s]
epoch 3/3:  45%|████▍     | 31196/69887 [35:03<31:33, 20.44it/s]
epoch 3/3:  45%|████▍     | 31199/69887 [35:03<31:30, 20.47it/s]
epoch 3/3:  45%|████▍     | 31202/69887 [35:03<31:26, 20.51it/s]
epoch 3/3:  45%|████▍     | 31205/69887 [35:03<31:25, 20.52it/s]
epoch 3/3:  45%|████▍     | 31208/69887 [35:04<31:23, 20.54it/s]
epoch 3/3:  45%|████▍     | 31211/69887 [35:04<31:34, 20.41it/s]
epoch 3/3:  45%|████▍     | 31214/69887 [35:04<31:41, 20.34it/s]
epoch 3/3:  45%|████▍     | 31217/69887 [35:04<31:38, 20.37it/s]
epoch 3/3:  45%|████▍     | 31220/69887 [35:04<31:36, 20.39it/s]
epoch 3/3:  45%|████▍     | 31223/69887 [35:04<31:42, 20.32it/s]  [checkpoint] step 171000 -> lcm_models/lcm_blt_mt_fraction0.8_s42_last.pth

epoch 3/3:  45%|████▍     | 31226/69887 [35:16<12:25:45,  1.16s/it]
epoch 3/3:  45%|████▍     | 31228/69887 [35:16<9:47:15,  1.10it/s] 
epoch 3/3:  45%|████▍     | 31231/69887 [35:16<6:47:56,  1.58it/s]
epoch 3/3:  45%|████▍     | 31234/69887 [35:16<4:49:09,  2.23it/s]
epoch 3/3:  45%|████▍     | 31237/69887 [35:16<3:29:05,  3.08it/s]
epoch 3/3:  45%|████▍     | 31240/69887 [35:16<2:34:29,  4.17it/s]
epoch 3/3:  45%|████▍     | 31243/69887 [35:16<1:56:54,  5.51it/s]
epoch 3/3:  45%|████▍     | 31246/69887 [35:17<1:30:57,  7.08it/s]
epoch 3/3:  45%|████▍     | 31249/69887 [35:17<1:12:55,  8.83it/s]
epoch 3/3:  45%|████▍     | 31252/69887 [35:17<1:00:21, 10.67it/s]
epoch 3/3:  45%|████▍     | 31255/69887 [35:17<51:38, 12.47it/s]  
epoch 3/3:  45%|████▍     | 31258/69887 [35:17<45:32, 14.14it/s]
epoch 3/3:  45%|████▍     | 31261/69887 [35:17<41:18, 15.59it/s]
epoch 3/3:  45%|████▍     | 31264/69887 [35:17<38:19, 16.80it/s]
epoch 3/3:  45%|████▍     | 31267/69887 [35:18<36:11, 17.78it/s]
epoch 3/3:  45%|████▍     | 31270/69887 [35:18<34:43, 18.54it/s]
epoch 3/3:  45%|████▍     | 31273/69887 [35:18<33:43, 19.08it/s]
epoch 3/3:  45%|████▍     | 31276/69887 [35:18<33:02, 19.48it/s]
epoch 3/3:  45%|████▍     | 31279/69887 [35:18<32:35, 19.75it/s]
epoch 3/3:  45%|████▍     | 31282/69887 [35:18<32:34, 19.75it/s]
epoch 3/3:  45%|████▍     | 31285/69887 [35:19<32:17, 19.93it/s]
epoch 3/3:  45%|████▍     | 31288/69887 [35:19<32:14, 19.96it/s]
epoch 3/3:  45%|████▍     | 31291/69887 [35:19<32:09, 20.00it/s]
epoch 3/3:  45%|████▍     | 31294/69887 [35:19<32:08, 20.01it/s]
epoch 3/3:  45%|████▍     | 31297/69887 [35:19<31:52, 20.17it/s]
epoch 3/3:  45%|████▍     | 31300/69887 [35:19<31:44, 20.26it/s]
epoch 3/3:  45%|████▍     | 31303/69887 [35:19<31:40, 20.30it/s]
epoch 3/3:  45%|████▍     | 31306/69887 [35:20<31:34, 20.37it/s]
epoch 3/3:  45%|████▍     | 31309/69887 [35:20<31:29, 20.42it/s]
epoch 3/3:  45%|████▍     | 31312/69887 [35:20<31:28, 20.43it/s]
epoch 3/3:  45%|████▍     | 31315/69887 [35:20<31:24, 20.47it/s]
epoch 3/3:  45%|████▍     | 31318/69887 [35:20<31:25, 20.46it/s]
epoch 3/3:  45%|████▍     | 31321/69887 [35:20<31:26, 20.44it/s]
epoch 3/3:  45%|████▍     | 31324/69887 [35:20<31:28, 20.42it/s]
epoch 3/3:  45%|████▍     | 31327/69887 [35:21<31:27, 20.43it/s]
epoch 3/3:  45%|████▍     | 31330/69887 [35:21<31:27, 20.43it/s]
epoch 3/3:  45%|████▍     | 31333/69887 [35:21<31:29, 20.41it/s]
epoch 3/3:  45%|████▍     | 31336/69887 [35:21<31:43, 20.25it/s]
epoch 3/3:  45%|████▍     | 31339/69887 [35:21<32:05, 20.02it/s]
epoch 3/3:  45%|████▍     | 31342/69887 [35:21<32:03, 20.04it/s]
epoch 3/3:  45%|████▍     | 31345/69887 [35:21<32:19, 19.88it/s]
epoch 3/3:  45%|████▍     | 31347/69887 [35:22<32:37, 19.69it/s]
epoch 3/3:  45%|████▍     | 31349/69887 [35:22<32:51, 19.55it/s]
epoch 3/3:  45%|████▍     | 31351/69887 [35:22<32:51, 19.55it/s]
epoch 3/3:  45%|████▍     | 31354/69887 [35:22<32:28, 19.78it/s]
epoch 3/3:  45%|████▍     | 31357/69887 [35:22<32:07, 19.99it/s]
epoch 3/3:  45%|████▍     | 31360/69887 [35:22<31:55, 20.12it/s]
epoch 3/3:  45%|████▍     | 31363/69887 [35:22<31:48, 20.19it/s]
epoch 3/3:  45%|████▍     | 31366/69887 [35:23<31:52, 20.14it/s]
epoch 3/3:  45%|████▍     | 31369/69887 [35:23<31:42, 20.25it/s]
epoch 3/3:  45%|████▍     | 31372/69887 [35:23<31:35, 20.31it/s]
epoch 3/3:  45%|████▍     | 31375/69887 [35:23<31:29, 20.38it/s]
epoch 3/3:  45%|████▍     | 31378/69887 [35:23<31:27, 20.40it/s]
epoch 3/3:  45%|████▍     | 31381/69887 [35:23<31:25, 20.42it/s]
epoch 3/3:  45%|████▍     | 31384/69887 [35:23<31:20, 20.47it/s]
epoch 3/3:  45%|████▍     | 31387/69887 [35:24<31:19, 20.48it/s]
epoch 3/3:  45%|████▍     | 31390/69887 [35:24<31:18, 20.49it/s]
epoch 3/3:  45%|████▍     | 31393/69887 [35:24<31:18, 20.50it/s]
epoch 3/3:  45%|████▍     | 31396/69887 [35:24<31:21, 20.45it/s]
epoch 3/3:  45%|████▍     | 31399/69887 [35:24<31:24, 20.42it/s]
epoch 3/3:  45%|████▍     | 31402/69887 [35:24<31:36, 20.29it/s]
epoch 3/3:  45%|████▍     | 31405/69887 [35:24<31:36, 20.29it/s]
epoch 3/3:  45%|████▍     | 31408/69887 [35:25<31:35, 20.30it/s]
epoch 3/3:  45%|████▍     | 31411/69887 [35:25<31:29, 20.36it/s]
epoch 3/3:  45%|████▍     | 31414/69887 [35:25<31:27, 20.38it/s]
epoch 3/3:  45%|████▍     | 31417/69887 [35:25<31:30, 20.35it/s]
epoch 3/3:  45%|████▍     | 31420/69887 [35:25<31:26, 20.39it/s]
epoch 3/3:  45%|████▍     | 31423/69887 [35:25<31:27, 20.38it/s]  [checkpoint] step 171200 -> lcm_models/lcm_blt_mt_fraction0.8_s42_last.pth

epoch 3/3:  45%|████▍     | 31426/69887 [35:36<11:53:37,  1.11s/it]
epoch 3/3:  45%|████▍     | 31428/69887 [35:36<9:22:14,  1.14it/s] 
epoch 3/3:  45%|████▍     | 31431/69887 [35:36<6:30:59,  1.64it/s]
epoch 3/3:  45%|████▍     | 31434/69887 [35:36<4:37:30,  2.31it/s]
epoch 3/3:  45%|████▍     | 31437/69887 [35:37<3:21:03,  3.19it/s]
epoch 3/3:  45%|████▍     | 31440/69887 [35:37<2:28:51,  4.30it/s]
epoch 3/3:  45%|████▍     | 31443/69887 [35:37<1:53:05,  5.67it/s]
epoch 3/3:  45%|████▍     | 31446/69887 [35:37<1:28:17,  7.26it/s]
epoch 3/3:  45%|████▍     | 31449/69887 [35:37<1:11:05,  9.01it/s]
epoch 3/3:  45%|████▌     | 31452/69887 [35:37<59:05, 10.84it/s]  
epoch 3/3:  45%|████▌     | 31455/69887 [35:38<50:40, 12.64it/s]
epoch 3/3:  45%|████▌     | 31458/69887 [35:38<44:48, 14.30it/s]
epoch 3/3:  45%|████▌     | 31461/69887 [35:38<40:45, 15.72it/s]
epoch 3/3:  45%|████▌     | 31464/69887 [35:38<38:01, 16.84it/s]
epoch 3/3:  45%|████▌     | 31467/69887 [35:38<36:08, 17.72it/s]
epoch 3/3:  45%|████▌     | 31470/69887 [35:38<34:41, 18.46it/s]
epoch 3/3:  45%|████▌     | 31473/69887 [35:38<33:48, 18.94it/s]
epoch 3/3:  45%|████▌     | 31476/69887 [35:39<33:02, 19.38it/s]
epoch 3/3:  45%|████▌     | 31479/69887 [35:39<32:33, 19.66it/s]
epoch 3/3:  45%|████▌     | 31482/69887 [35:39<32:19, 19.80it/s]
epoch 3/3:  45%|████▌     | 31485/69887 [35:39<31:58, 20.01it/s]
epoch 3/3:  45%|████▌     | 31488/69887 [35:39<31:44, 20.16it/s]
epoch 3/3:  45%|████▌     | 31491/69887 [35:39<31:35, 20.26it/s]
epoch 3/3:  45%|████▌     | 31494/69887 [35:39<31:26, 20.35it/s]
epoch 3/3:  45%|████▌     | 31497/69887 [35:40<31:24, 20.37it/s]
epoch 3/3:  45%|████▌     | 31500/69887 [35:40<31:19, 20.43it/s]
epoch 3/3:  45%|████▌     | 31503/69887 [35:40<31:15, 20.46it/s]
epoch 3/3:  45%|████▌     | 31506/69887 [35:40<31:13, 20.49it/s]
epoch 3/3:  45%|████▌     | 31509/69887 [35:40<31:12, 20.50it/s]
epoch 3/3:  45%|████▌     | 31512/69887 [35:40<31:14, 20.47it/s]
epoch 3/3:  45%|████▌     | 31515/69887 [35:40<31:15, 20.46it/s]
epoch 3/3:  45%|████▌     | 31518/69887 [35:41<31:13, 20.48it/s]
epoch 3/3:  45%|████▌     | 31521/69887 [35:41<31:21, 20.40it/s]
epoch 3/3:  45%|████▌     | 31524/69887 [35:41<31:17, 20.44it/s]
epoch 3/3:  45%|████▌     | 31527/69887 [35:41<31:24, 20.36it/s]
epoch 3/3:  45%|████▌     | 31530/69887 [35:41<31:46, 20.12it/s]
epoch 3/3:  45%|████▌     | 31533/69887 [35:41<31:56, 20.01it/s]
epoch 3/3:  45%|████▌     | 31536/69887 [35:42<31:52, 20.05it/s]
epoch 3/3:  45%|████▌     | 31539/69887 [35:42<31:42, 20.16it/s]
epoch 3/3:  45%|████▌     | 31542/69887 [35:42<31:36, 20.22it/s]
epoch 3/3:  45%|████▌     | 31545/69887 [35:42<31:34, 20.24it/s]
epoch 3/3:  45%|████▌     | 31548/69887 [35:42<31:28, 20.30it/s]
epoch 3/3:  45%|████▌     | 31551/69887 [35:42<31:24, 20.35it/s]
epoch 3/3:  45%|████▌     | 31554/69887 [35:42<31:19, 20.40it/s]
epoch 3/3:  45%|████▌     | 31557/69887 [35:43<31:16, 20.43it/s]
epoch 3/3:  45%|████▌     | 31560/69887 [35:43<31:13, 20.46it/s]
epoch 3/3:  45%|████▌     | 31563/69887 [35:43<31:11, 20.48it/s]
epoch 3/3:  45%|████▌     | 31566/69887 [35:43<31:08, 20.50it/s]
epoch 3/3:  45%|████▌     | 31569/69887 [35:43<31:07, 20.52it/s]
epoch 3/3:  45%|████▌     | 31572/69887 [35:43<31:07, 20.52it/s]
epoch 3/3:  45%|████▌     | 31575/69887 [35:43<31:08, 20.51it/s]
epoch 3/3:  45%|████▌     | 31578/69887 [35:44<31:06, 20.52it/s]
epoch 3/3:  45%|████▌     | 31581/69887 [35:44<31:07, 20.51it/s]
epoch 3/3:  45%|████▌     | 31584/69887 [35:44<31:06, 20.52it/s]
epoch 3/3:  45%|████▌     | 31587/69887 [35:44<31:04, 20.54it/s]
epoch 3/3:  45%|████▌     | 31590/69887 [35:44<31:02, 20.56it/s]
epoch 3/3:  45%|████▌     | 31593/69887 [35:44<31:04, 20.54it/s]
epoch 3/3:  45%|████▌     | 31596/69887 [35:44<31:03, 20.55it/s]
epoch 3/3:  45%|████▌     | 31599/69887 [35:45<31:00, 20.58it/s]
epoch 3/3:  45%|████▌     | 31602/69887 [35:45<31:00, 20.58it/s]
epoch 3/3:  45%|████▌     | 31605/69887 [35:45<31:00, 20.58it/s]
epoch 3/3:  45%|████▌     | 31608/69887 [35:45<31:01, 20.56it/s]
epoch 3/3:  45%|████▌     | 31611/69887 [35:45<31:02, 20.55it/s]
epoch 3/3:  45%|████▌     | 31614/69887 [35:45<31:03, 20.53it/s]
epoch 3/3:  45%|████▌     | 31617/69887 [35:45<31:03, 20.53it/s]
epoch 3/3:  45%|████▌     | 31620/69887 [35:46<31:04, 20.53it/s]
epoch 3/3:  45%|████▌     | 31623/69887 [35:46<31:03, 20.53it/s]
epoch 3/3:  45%|████▌     | 31623/69887 [35:57<31:03, 20.53it/s]  [checkpoint] step 171400 -> lcm_models/lcm_blt_mt_fraction0.8_s42_last.pth

epoch 3/3:  45%|████▌     | 31626/69887 [35:57<12:28:22,  1.17s/it]
epoch 3/3:  45%|████▌     | 31628/69887 [35:57<9:49:11,  1.08it/s] 
epoch 3/3:  45%|████▌     | 31631/69887 [35:57<6:49:12,  1.56it/s]
epoch 3/3:  45%|████▌     | 31634/69887 [35:58<4:50:09,  2.20it/s]
epoch 3/3:  45%|████▌     | 31637/69887 [35:58<3:29:45,  3.04it/s]
epoch 3/3:  45%|████▌     | 31640/69887 [35:58<2:34:50,  4.12it/s]
epoch 3/3:  45%|████▌     | 31643/69887 [35:58<1:57:03,  5.45it/s]
epoch 3/3:  45%|████▌     | 31646/69887 [35:58<1:30:55,  7.01it/s]
epoch 3/3:  45%|████▌     | 31649/69887 [35:58<1:12:50,  8.75it/s]
epoch 3/3:  45%|████▌     | 31652/69887 [35:58<1:00:13, 10.58it/s]
epoch 3/3:  45%|████▌     | 31655/69887 [35:59<51:28, 12.38it/s]  
epoch 3/3:  45%|████▌     | 31658/69887 [35:59<45:22, 14.04it/s]
epoch 3/3:  45%|████▌     | 31661/69887 [35:59<41:04, 15.51it/s]
epoch 3/3:  45%|████▌     | 31664/69887 [35:59<38:02, 16.75it/s]
epoch 3/3:  45%|████▌     | 31667/69887 [35:59<35:57, 17.71it/s]
epoch 3/3:  45%|████▌     | 31670/69887 [35:59<34:31, 18.45it/s]
epoch 3/3:  45%|████▌     | 31673/69887 [35:59<33:29, 19.02it/s]
epoch 3/3:  45%|████▌     | 31676/69887 [36:00<32:58, 19.31it/s]
epoch 3/3:  45%|████▌     | 31679/69887 [36:00<33:13, 19.16it/s]
epoch 3/3:  45%|████▌     | 31681/69887 [36:00<32:55, 19.34it/s]
epoch 3/3:  45%|████▌     | 31684/69887 [36:00<32:28, 19.60it/s]
epoch 3/3:  45%|████▌     | 31687/69887 [36:00<32:05, 19.84it/s]
epoch 3/3:  45%|████▌     | 31690/69887 [36:00<31:46, 20.04it/s]
epoch 3/3:  45%|████▌     | 31693/69887 [36:00<31:34, 20.16it/s]
epoch 3/3:  45%|████▌     | 31696/69887 [36:01<31:24, 20.26it/s]
epoch 3/3:  45%|████▌     | 31699/69887 [36:01<31:19, 20.32it/s]
epoch 3/3:  45%|████▌     | 31702/69887 [36:01<31:17, 20.34it/s]
epoch 3/3:  45%|████▌     | 31705/69887 [36:01<31:11, 20.40it/s]
epoch 3/3:  45%|████▌     | 31708/69887 [36:01<31:07, 20.44it/s]
epoch 3/3:  45%|████▌     | 31711/69887 [36:01<31:07, 20.44it/s]
epoch 3/3:  45%|████▌     | 31714/69887 [36:01<31:04, 20.47it/s]
epoch 3/3:  45%|████▌     | 31717/69887 [36:02<31:07, 20.44it/s]
epoch 3/3:  45%|████▌     | 31720/69887 [36:02<31:03, 20.48it/s]
epoch 3/3:  45%|████▌     | 31723/69887 [36:02<31:14, 20.36it/s]
epoch 3/3:  45%|████▌     | 31726/69887 [36:02<31:28, 20.20it/s]
epoch 3/3:  45%|████▌     | 31729/69887 [36:02<31:24, 20.25it/s]
epoch 3/3:  45%|████▌     | 31732/69887 [36:02<31:19, 20.30it/s]
epoch 3/3:  45%|████▌     | 31735/69887 [36:03<31:22, 20.27it/s]
epoch 3/3:  45%|████▌     | 31738/69887 [36:03<31:26, 20.23it/s]
epoch 3/3:  45%|████▌     | 31741/69887 [36:03<31:22, 20.27it/s]
epoch 3/3:  45%|████▌     | 31744/69887 [36:03<31:17, 20.31it/s]
epoch 3/3:  45%|████▌     | 31747/69887 [36:03<31:16, 20.33it/s]
epoch 3/3:  45%|████▌     | 31750/69887 [36:03<31:10, 20.38it/s]
epoch 3/3:  45%|████▌     | 31753/69887 [36:03<31:10, 20.39it/s]
epoch 3/3:  45%|████▌     | 31756/69887 [36:04<31:10, 20.38it/s]
epoch 3/3:  45%|████▌     | 31759/69887 [36:04<31:08, 20.41it/s]
epoch 3/3:  45%|████▌     | 31762/69887 [36:04<31:04, 20.44it/s]
epoch 3/3:  45%|████▌     | 31765/69887 [36:04<31:00, 20.49it/s]
epoch 3/3:  45%|████▌     | 31768/69887 [36:04<31:00, 20.49it/s]
epoch 3/3:  45%|████▌     | 31771/69887 [36:04<30:59, 20.50it/s]
epoch 3/3:  45%|████▌     | 31774/69887 [36:04<30:59, 20.49it/s]
epoch 3/3:  45%|████▌     | 31777/69887 [36:05<30:59, 20.49it/s]
epoch 3/3:  45%|████▌     | 31780/69887 [36:05<30:58, 20.51it/s]
epoch 3/3:  45%|████▌     | 31783/69887 [36:05<31:00, 20.48it/s]
epoch 3/3:  45%|████▌     | 31786/69887 [36:05<31:00, 20.48it/s]
epoch 3/3:  45%|████▌     | 31789/69887 [36:05<30:58, 20.50it/s]
epoch 3/3:  45%|████▌     | 31792/69887 [36:05<30:57, 20.51it/s]
epoch 3/3:  45%|████▌     | 31795/69887 [36:05<30:54, 20.54it/s]
epoch 3/3:  45%|████▌     | 31798/69887 [36:06<30:58, 20.49it/s]
epoch 3/3:  46%|████▌     | 31801/69887 [36:06<30:54, 20.54it/s]
epoch 3/3:  46%|████▌     | 31804/69887 [36:06<30:52, 20.56it/s]
epoch 3/3:  46%|████▌     | 31807/69887 [36:06<30:56, 20.52it/s]
epoch 3/3:  46%|████▌     | 31810/69887 [36:06<30:58, 20.49it/s]
epoch 3/3:  46%|████▌     | 31813/69887 [36:06<30:56, 20.51it/s]
epoch 3/3:  46%|████▌     | 31816/69887 [36:06<30:53, 20.54it/s]
epoch 3/3:  46%|████▌     | 31819/69887 [36:07<30:52, 20.55it/s]
epoch 3/3:  46%|████▌     | 31822/69887 [36:07<30:55, 20.52it/s]
epoch 3/3:  46%|████▌     | 31825/69887 [36:07<30:54, 20.52it/s]
epoch 3/3:  46%|████▌     | 31825/69887 [36:17<30:54, 20.52it/s]  [checkpoint] step 171600 -> lcm_models/lcm_blt_mt_fraction0.8_s42_last.pth

epoch 3/3:  46%|████▌     | 31826/69887 [36:19<15:49:13,  1.50s/it]
epoch 3/3:  46%|████▌     | 31828/69887 [36:19<11:47:48,  1.12s/it]
epoch 3/3:  46%|████▌     | 31831/69887 [36:19<7:43:43,  1.37it/s] 
epoch 3/3:  46%|████▌     | 31834/69887 [36:19<5:16:33,  2.00it/s]
epoch 3/3:  46%|████▌     | 31837/69887 [36:19<3:43:09,  2.84it/s]
epoch 3/3:  46%|████▌     | 31840/69887 [36:19<2:41:56,  3.92it/s]
epoch 3/3:  46%|████▌     | 31843/69887 [36:19<2:00:58,  5.24it/s]
epoch 3/3:  46%|████▌     | 31846/69887 [36:20<1:33:10,  6.81it/s]
epoch 3/3:  46%|████▌     | 31849/69887 [36:20<1:14:08,  8.55it/s]
epoch 3/3:  46%|████▌     | 31852/69887 [36:20<1:00:58, 10.40it/s]
epoch 3/3:  46%|████▌     | 31855/69887 [36:20<51:52, 12.22it/s]  
epoch 3/3:  46%|████▌     | 31858/69887 [36:20<45:32, 13.92it/s]
epoch 3/3:  46%|████▌     | 31861/69887 [36:20<41:07, 15.41it/s]
epoch 3/3:  46%|████▌     | 31864/69887 [36:20<38:04, 16.64it/s]
epoch 3/3:  46%|████▌     | 31867/69887 [36:21<35:56, 17.63it/s]
epoch 3/3:  46%|████▌     | 31870/69887 [36:21<34:25, 18.40it/s]
epoch 3/3:  46%|████▌     | 31873/69887 [36:21<33:22, 18.98it/s]
epoch 3/3:  46%|████▌     | 31876/69887 [36:21<32:38, 19.41it/s]
epoch 3/3:  46%|████▌     | 31879/69887 [36:21<32:03, 19.76it/s]
epoch 3/3:  46%|████▌     | 31882/69887 [36:21<31:44, 19.96it/s]
epoch 3/3:  46%|████▌     | 31885/69887 [36:21<31:27, 20.13it/s]
epoch 3/3:  46%|████▌     | 31888/69887 [36:22<31:15, 20.26it/s]
epoch 3/3:  46%|████▌     | 31891/69887 [36:22<31:06, 20.35it/s]
epoch 3/3:  46%|████▌     | 31894/69887 [36:22<31:00, 20.42it/s]
epoch 3/3:  46%|████▌     | 31897/69887 [36:22<31:03, 20.38it/s]
epoch 3/3:  46%|████▌     | 31900/69887 [36:22<30:59, 20.43it/s]
epoch 3/3:  46%|████▌     | 31903/69887 [36:22<30:56, 20.46it/s]
epoch 3/3:  46%|████▌     | 31906/69887 [36:22<30:53, 20.49it/s]
epoch 3/3:  46%|████▌     | 31909/69887 [36:23<30:50, 20.52it/s]
epoch 3/3:  46%|████▌     | 31912/69887 [36:23<30:56, 20.46it/s]
epoch 3/3:  46%|████▌     | 31915/69887 [36:23<30:56, 20.46it/s]
epoch 3/3:  46%|████▌     | 31918/69887 [36:23<30:56, 20.45it/s]
epoch 3/3:  46%|████▌     | 31921/69887 [36:23<30:56, 20.45it/s]
epoch 3/3:  46%|████▌     | 31924/69887 [36:23<30:55, 20.46it/s]
epoch 3/3:  46%|████▌     | 31927/69887 [36:23<30:53, 20.48it/s]
epoch 3/3:  46%|████▌     | 31930/69887 [36:24<30:52, 20.49it/s]
epoch 3/3:  46%|████▌     | 31933/69887 [36:24<30:52, 20.49it/s]
epoch 3/3:  46%|████▌     | 31936/69887 [36:24<30:49, 20.52it/s]
epoch 3/3:  46%|████▌     | 31939/69887 [36:24<30:48, 20.53it/s]
epoch 3/3:  46%|████▌     | 31942/69887 [36:24<30:48, 20.53it/s]
epoch 3/3:  46%|████▌     | 31945/69887 [36:24<30:48, 20.53it/s]
epoch 3/3:  46%|████▌     | 31948/69887 [36:24<30:48, 20.53it/s]
epoch 3/3:  46%|████▌     | 31951/69887 [36:25<30:46, 20.54it/s]
epoch 3/3:  46%|████▌     | 31954/69887 [36:25<30:48, 20.52it/s]
epoch 3/3:  46%|████▌     | 31957/69887 [36:25<30:52, 20.48it/s]
epoch 3/3:  46%|████▌     | 31960/69887 [36:25<30:49, 20.51it/s]
epoch 3/3:  46%|████▌     | 31963/69887 [36:25<30:47, 20.52it/s]
epoch 3/3:  46%|████▌     | 31966/69887 [36:25<30:47, 20.52it/s]
epoch 3/3:  46%|████▌     | 31969/69887 [36:26<30:48, 20.51it/s]
epoch 3/3:  46%|████▌     | 31972/69887 [36:26<30:50, 20.49it/s]
epoch 3/3:  46%|████▌     | 31975/69887 [36:26<30:47, 20.52it/s]
epoch 3/3:  46%|████▌     | 31978/69887 [36:26<30:47, 20.52it/s]
epoch 3/3:  46%|████▌     | 31981/69887 [36:26<30:48, 20.51it/s]
epoch 3/3:  46%|████▌     | 31984/69887 [36:26<30:52, 20.46it/s]
epoch 3/3:  46%|████▌     | 31987/69887 [36:26<30:52, 20.46it/s]
epoch 3/3:  46%|████▌     | 31990/69887 [36:27<30:50, 20.48it/s]
epoch 3/3:  46%|████▌     | 31993/69887 [36:27<30:48, 20.50it/s]
epoch 3/3:  46%|████▌     | 31996/69887 [36:27<30:46, 20.52it/s]
epoch 3/3:  46%|████▌     | 31999/69887 [36:27<30:47, 20.51it/s]
epoch 3/3:  46%|████▌     | 32002/69887 [36:27<30:49, 20.48it/s]
epoch 3/3:  46%|████▌     | 32005/69887 [36:27<30:47, 20.50it/s]
epoch 3/3:  46%|████▌     | 32008/69887 [36:27<30:48, 20.49it/s]
epoch 3/3:  46%|████▌     | 32011/69887 [36:28<30:49, 20.48it/s]
epoch 3/3:  46%|████▌     | 32014/69887 [36:28<30:48, 20.49it/s]
epoch 3/3:  46%|████▌     | 32017/69887 [36:28<30:46, 20.51it/s]
epoch 3/3:  46%|████▌     | 32020/69887 [36:28<30:47, 20.50it/s]
epoch 3/3:  46%|████▌     | 32023/69887 [36:28<31:05, 20.30it/s]  [checkpoint] step 171800 -> lcm_models/lcm_blt_mt_fraction0.8_s42_last.pth

epoch 3/3:  46%|████▌     | 32026/69887 [36:40<12:18:28,  1.17s/it]
epoch 3/3:  46%|████▌     | 32028/69887 [36:40<9:41:28,  1.09it/s] 
epoch 3/3:  46%|████▌     | 32031/69887 [36:40<6:43:48,  1.56it/s]
epoch 3/3:  46%|████▌     | 32034/69887 [36:40<4:46:06,  2.21it/s]
epoch 3/3:  46%|████▌     | 32037/69887 [36:40<3:26:47,  3.05it/s]
epoch 3/3:  46%|████▌     | 32040/69887 [36:40<2:32:41,  4.13it/s]
epoch 3/3:  46%|████▌     | 32043/69887 [36:40<1:55:29,  5.46it/s]
epoch 3/3:  46%|████▌     | 32046/69887 [36:40<1:29:45,  7.03it/s]
epoch 3/3:  46%|████▌     | 32049/69887 [36:41<1:11:58,  8.76it/s]
epoch 3/3:  46%|████▌     | 32052/69887 [36:41<59:37, 10.58it/s]  
epoch 3/3:  46%|████▌     | 32055/69887 [36:41<50:58, 12.37it/s]
epoch 3/3:  46%|████▌     | 32058/69887 [36:41<44:59, 14.02it/s]
epoch 3/3:  46%|████▌     | 32061/69887 [36:41<40:55, 15.41it/s]
epoch 3/3:  46%|████▌     | 32064/69887 [36:41<38:08, 16.53it/s]
epoch 3/3:  46%|████▌     | 32067/69887 [36:42<36:05, 17.46it/s]
epoch 3/3:  46%|████▌     | 32070/69887 [36:42<34:53, 18.06it/s]
epoch 3/3:  46%|████▌     | 32072/69887 [36:42<34:21, 18.34it/s]
epoch 3/3:  46%|████▌     | 32074/69887 [36:42<34:00, 18.53it/s]
epoch 3/3:  46%|████▌     | 32076/69887 [36:42<33:52, 18.60it/s]
epoch 3/3:  46%|████▌     | 32079/69887 [36:42<32:52, 19.16it/s]
epoch 3/3:  46%|████▌     | 32082/69887 [36:42<32:13, 19.55it/s]
epoch 3/3:  46%|████▌     | 32085/69887 [36:42<31:47, 19.82it/s]
epoch 3/3:  46%|████▌     | 32088/69887 [36:43<31:25, 20.04it/s]
epoch 3/3:  46%|████▌     | 32091/69887 [36:43<31:11, 20.19it/s]
epoch 3/3:  46%|████▌     | 32094/69887 [36:43<31:01, 20.31it/s]
epoch 3/3:  46%|████▌     | 32097/69887 [36:43<30:56, 20.36it/s]
epoch 3/3:  46%|████▌     | 32100/69887 [36:43<30:52, 20.39it/s]
epoch 3/3:  46%|████▌     | 32103/69887 [36:43<30:49, 20.43it/s]
epoch 3/3:  46%|████▌     | 32106/69887 [36:43<30:48, 20.44it/s]
epoch 3/3:  46%|████▌     | 32109/69887 [36:44<30:47, 20.45it/s]
epoch 3/3:  46%|████▌     | 32112/69887 [36:44<30:46, 20.46it/s]
epoch 3/3:  46%|████▌     | 32115/69887 [36:44<30:46, 20.46it/s]
epoch 3/3:  46%|████▌     | 32118/69887 [36:44<30:46, 20.45it/s]
epoch 3/3:  46%|████▌     | 32121/69887 [36:44<30:48, 20.43it/s]
epoch 3/3:  46%|████▌     | 32124/69887 [36:44<30:45, 20.46it/s]
epoch 3/3:  46%|████▌     | 32127/69887 [36:44<30:45, 20.46it/s]
epoch 3/3:  46%|████▌     | 32130/69887 [36:45<30:47, 20.43it/s]
epoch 3/3:  46%|████▌     | 32133/69887 [36:45<30:46, 20.45it/s]
epoch 3/3:  46%|████▌     | 32136/69887 [36:45<30:43, 20.48it/s]
epoch 3/3:  46%|████▌     | 32139/69887 [36:45<30:52, 20.38it/s]
epoch 3/3:  46%|████▌     | 32142/69887 [36:45<30:48, 20.41it/s]
epoch 3/3:  46%|████▌     | 32145/69887 [36:45<30:46, 20.44it/s]
epoch 3/3:  46%|████▌     | 32148/69887 [36:46<30:42, 20.48it/s]
epoch 3/3:  46%|████▌     | 32151/69887 [36:46<30:43, 20.47it/s]
epoch 3/3:  46%|████▌     | 32154/69887 [36:46<30:39, 20.51it/s]
epoch 3/3:  46%|████▌     | 32157/69887 [36:46<30:39, 20.51it/s]
epoch 3/3:  46%|████▌     | 32160/69887 [36:46<30:44, 20.45it/s]
epoch 3/3:  46%|████▌     | 32163/69887 [36:46<30:50, 20.38it/s]
epoch 3/3:  46%|████▌     | 32166/69887 [36:46<30:49, 20.39it/s]
epoch 3/3:  46%|████▌     | 32169/69887 [36:47<30:55, 20.32it/s]
epoch 3/3:  46%|████▌     | 32172/69887 [36:47<30:55, 20.33it/s]
epoch 3/3:  46%|████▌     | 32175/69887 [36:47<30:51, 20.37it/s]
epoch 3/3:  46%|████▌     | 32178/69887 [36:47<30:47, 20.41it/s]
epoch 3/3:  46%|████▌     | 32181/69887 [36:47<30:48, 20.39it/s]
epoch 3/3:  46%|████▌     | 32184/69887 [36:47<30:47, 20.41it/s]
epoch 3/3:  46%|████▌     | 32187/69887 [36:47<30:46, 20.42it/s]
epoch 3/3:  46%|████▌     | 32190/69887 [36:48<30:46, 20.42it/s]
epoch 3/3:  46%|████▌     | 32193/69887 [36:48<30:43, 20.45it/s]
epoch 3/3:  46%|████▌     | 32196/69887 [36:48<30:39, 20.49it/s]
epoch 3/3:  46%|████▌     | 32199/69887 [36:48<30:37, 20.51it/s]
epoch 3/3:  46%|████▌     | 32202/69887 [36:48<30:39, 20.49it/s]
epoch 3/3:  46%|████▌     | 32205/69887 [36:48<30:40, 20.47it/s]
epoch 3/3:  46%|████▌     | 32208/69887 [36:48<30:37, 20.51it/s]
epoch 3/3:  46%|████▌     | 32211/69887 [36:49<30:37, 20.50it/s]
epoch 3/3:  46%|████▌     | 32214/69887 [36:49<30:34, 20.54it/s]
epoch 3/3:  46%|████▌     | 32217/69887 [36:49<30:34, 20.54it/s]
epoch 3/3:  46%|████▌     | 32220/69887 [36:49<30:32, 20.56it/s]
epoch 3/3:  46%|████▌     | 32223/69887 [36:49<30:31, 20.56it/s]  [checkpoint] step 172000 -> lcm_models/lcm_blt_mt_fraction0.8_s42_last.pth

epoch 3/3:  46%|████▌     | 32226/69887 [37:00<11:44:01,  1.12s/it]
epoch 3/3:  46%|████▌     | 32228/69887 [37:00<9:14:33,  1.13it/s] 
epoch 3/3:  46%|████▌     | 32231/69887 [37:00<6:25:29,  1.63it/s]
epoch 3/3:  46%|████▌     | 32234/69887 [37:00<4:33:32,  2.29it/s]
epoch 3/3:  46%|████▌     | 32237/69887 [37:01<3:18:01,  3.17it/s]
epoch 3/3:  46%|████▌     | 32240/69887 [37:01<2:26:32,  4.28it/s]
epoch 3/3:  46%|████▌     | 32243/69887 [37:01<1:51:08,  5.64it/s]
epoch 3/3:  46%|████▌     | 32246/69887 [37:01<1:26:38,  7.24it/s]
epoch 3/3:  46%|████▌     | 32249/69887 [37:01<1:09:36,  9.01it/s]
epoch 3/3:  46%|████▌     | 32252/69887 [37:01<57:51, 10.84it/s]  
epoch 3/3:  46%|████▌     | 32255/69887 [37:01<49:38, 12.64it/s]
epoch 3/3:  46%|████▌     | 32258/69887 [37:02<43:51, 14.30it/s]
epoch 3/3:  46%|████▌     | 32261/69887 [37:02<39:49, 15.75it/s]
epoch 3/3:  46%|████▌     | 32264/69887 [37:02<37:02, 16.93it/s]
epoch 3/3:  46%|████▌     | 32267/69887 [37:02<35:08, 17.85it/s]
epoch 3/3:  46%|████▌     | 32270/69887 [37:02<33:53, 18.50it/s]
epoch 3/3:  46%|████▌     | 32273/69887 [37:02<32:55, 19.04it/s]
epoch 3/3:  46%|████▌     | 32276/69887 [37:02<32:12, 19.46it/s]
epoch 3/3:  46%|████▌     | 32279/69887 [37:03<31:39, 19.79it/s]
epoch 3/3:  46%|████▌     | 32282/69887 [37:03<31:18, 20.02it/s]
epoch 3/3:  46%|████▌     | 32285/69887 [37:03<31:19, 20.00it/s]
epoch 3/3:  46%|████▌     | 32288/69887 [37:03<31:13, 20.06it/s]
epoch 3/3:  46%|████▌     | 32291/69887 [37:03<31:00, 20.21it/s]
epoch 3/3:  46%|████▌     | 32294/69887 [37:03<30:52, 20.29it/s]
epoch 3/3:  46%|████▌     | 32297/69887 [37:04<30:48, 20.34it/s]
epoch 3/3:  46%|████▌     | 32300/69887 [37:04<30:44, 20.37it/s]
epoch 3/3:  46%|████▌     | 32303/69887 [37:04<30:46, 20.35it/s]
epoch 3/3:  46%|████▌     | 32306/69887 [37:04<30:44, 20.37it/s]
epoch 3/3:  46%|████▌     | 32309/69887 [37:04<30:47, 20.34it/s]
epoch 3/3:  46%|████▌     | 32312/69887 [37:04<30:45, 20.36it/s]
epoch 3/3:  46%|████▌     | 32315/69887 [37:04<30:42, 20.39it/s]
epoch 3/3:  46%|████▌     | 32318/69887 [37:05<30:39, 20.43it/s]
epoch 3/3:  46%|████▌     | 32321/69887 [37:05<30:50, 20.30it/s]
epoch 3/3:  46%|████▋     | 32324/69887 [37:05<30:56, 20.24it/s]
epoch 3/3:  46%|████▋     | 32327/69887 [37:05<30:49, 20.30it/s]
epoch 3/3:  46%|████▋     | 32330/69887 [37:05<30:43, 20.37it/s]
epoch 3/3:  46%|████▋     | 32333/69887 [37:05<30:40, 20.41it/s]
epoch 3/3:  46%|████▋     | 32336/69887 [37:05<30:37, 20.44it/s]
epoch 3/3:  46%|████▋     | 32339/69887 [37:06<31:29, 19.87it/s]
epoch 3/3:  46%|████▋     | 32341/69887 [37:06<31:29, 19.87it/s]
epoch 3/3:  46%|████▋     | 32344/69887 [37:06<31:22, 19.95it/s]
epoch 3/3:  46%|████▋     | 32347/69887 [37:06<31:07, 20.10it/s]
epoch 3/3:  46%|████▋     | 32350/69887 [37:06<31:03, 20.15it/s]
epoch 3/3:  46%|████▋     | 32353/69887 [37:06<30:58, 20.20it/s]
epoch 3/3:  46%|████▋     | 32356/69887 [37:06<30:55, 20.22it/s]
epoch 3/3:  46%|████▋     | 32359/69887 [37:07<30:53, 20.25it/s]
epoch 3/3:  46%|████▋     | 32362/69887 [37:07<30:45, 20.34it/s]
epoch 3/3:  46%|████▋     | 32365/69887 [37:07<30:43, 20.35it/s]
epoch 3/3:  46%|████▋     | 32368/69887 [37:07<30:46, 20.31it/s]
epoch 3/3:  46%|████▋     | 32371/69887 [37:07<30:42, 20.37it/s]
epoch 3/3:  46%|████▋     | 32374/69887 [37:07<30:38, 20.40it/s]
epoch 3/3:  46%|████▋     | 32377/69887 [37:07<30:36, 20.42it/s]
epoch 3/3:  46%|████▋     | 32380/69887 [37:08<30:35, 20.44it/s]
epoch 3/3:  46%|████▋     | 32383/69887 [37:08<30:34, 20.44it/s]
epoch 3/3:  46%|████▋     | 32386/69887 [37:08<30:39, 20.38it/s]
epoch 3/3:  46%|████▋     | 32389/69887 [37:08<30:53, 20.23it/s]
epoch 3/3:  46%|████▋     | 32392/69887 [37:08<30:46, 20.31it/s]
epoch 3/3:  46%|████▋     | 32395/69887 [37:08<30:43, 20.34it/s]
epoch 3/3:  46%|████▋     | 32398/69887 [37:08<30:41, 20.36it/s]
epoch 3/3:  46%|████▋     | 32401/69887 [37:09<30:47, 20.29it/s]
epoch 3/3:  46%|████▋     | 32404/69887 [37:09<30:48, 20.28it/s]
epoch 3/3:  46%|████▋     | 32407/69887 [37:09<30:45, 20.31it/s]
epoch 3/3:  46%|████▋     | 32410/69887 [37:09<30:39, 20.38it/s]
epoch 3/3:  46%|████▋     | 32413/69887 [37:09<30:35, 20.42it/s]
epoch 3/3:  46%|████▋     | 32416/69887 [37:09<30:41, 20.35it/s]
epoch 3/3:  46%|████▋     | 32419/69887 [37:10<30:37, 20.39it/s]
epoch 3/3:  46%|████▋     | 32422/69887 [37:10<30:31, 20.46it/s]
epoch 3/3:  46%|████▋     | 32425/69887 [37:10<30:32, 20.44it/s]
epoch 3/3:  46%|████▋     | 32425/69887 [37:20<30:32, 20.44it/s]  [checkpoint] step 172200 -> lcm_models/lcm_blt_mt_fraction0.8_s42_last.pth

epoch 3/3:  46%|████▋     | 32426/69887 [37:22<16:14:29,  1.56s/it]
epoch 3/3:  46%|████▋     | 32428/69887 [37:22<12:06:18,  1.16s/it]
epoch 3/3:  46%|████▋     | 32431/69887 [37:22<7:55:37,  1.31it/s] 
epoch 3/3:  46%|████▋     | 32434/69887 [37:22<5:24:37,  1.92it/s]
epoch 3/3:  46%|████▋     | 32437/69887 [37:23<3:48:32,  2.73it/s]
epoch 3/3:  46%|████▋     | 32440/69887 [37:23<2:45:40,  3.77it/s]
epoch 3/3:  46%|████▋     | 32443/69887 [37:23<2:03:31,  5.05it/s]
epoch 3/3:  46%|████▋     | 32446/69887 [37:23<1:34:53,  6.58it/s]
epoch 3/3:  46%|████▋     | 32449/69887 [37:23<1:15:12,  8.30it/s]
epoch 3/3:  46%|████▋     | 32452/69887 [37:23<1:01:41, 10.11it/s]
epoch 3/3:  46%|████▋     | 32455/69887 [37:23<52:17, 11.93it/s]  
epoch 3/3:  46%|████▋     | 32458/69887 [37:24<45:54, 13.59it/s]
epoch 3/3:  46%|████▋     | 32461/69887 [37:24<41:16, 15.11it/s]
epoch 3/3:  46%|████▋     | 32464/69887 [37:24<38:13, 16.32it/s]
epoch 3/3:  46%|████▋     | 32467/69887 [37:24<36:07, 17.26it/s]
epoch 3/3:  46%|████▋     | 32470/69887 [37:24<34:31, 18.07it/s]
epoch 3/3:  46%|████▋     | 32473/69887 [37:24<33:21, 18.69it/s]
epoch 3/3:  46%|████▋     | 32476/69887 [37:24<32:43, 19.05it/s]
epoch 3/3:  46%|████▋     | 32479/69887 [37:25<32:14, 19.33it/s]
epoch 3/3:  46%|████▋     | 32482/69887 [37:25<31:55, 19.53it/s]
epoch 3/3:  46%|████▋     | 32485/69887 [37:25<31:48, 19.60it/s]
epoch 3/3:  46%|████▋     | 32487/69887 [37:25<31:43, 19.64it/s]
epoch 3/3:  46%|████▋     | 32490/69887 [37:25<31:26, 19.82it/s]
epoch 3/3:  46%|████▋     | 32493/69887 [37:25<31:20, 19.88it/s]
epoch 3/3:  46%|████▋     | 32496/69887 [37:25<31:09, 20.00it/s]
epoch 3/3:  47%|████▋     | 32499/69887 [37:26<31:08, 20.01it/s]
epoch 3/3:  47%|████▋     | 32502/69887 [37:26<31:02, 20.08it/s]
epoch 3/3:  47%|████▋     | 32505/69887 [37:26<31:08, 20.01it/s]
epoch 3/3:  47%|████▋     | 32508/69887 [37:26<31:06, 20.02it/s]
epoch 3/3:  47%|████▋     | 32511/69887 [37:26<31:11, 19.97it/s]
epoch 3/3:  47%|████▋     | 32514/69887 [37:26<31:03, 20.06it/s]
epoch 3/3:  47%|████▋     | 32517/69887 [37:26<31:00, 20.08it/s]
epoch 3/3:  47%|████▋     | 32520/69887 [37:27<31:01, 20.07it/s]
epoch 3/3:  47%|████▋     | 32523/69887 [37:27<31:04, 20.04it/s]
epoch 3/3:  47%|████▋     | 32526/69887 [37:27<31:06, 20.02it/s]
epoch 3/3:  47%|████▋     | 32529/69887 [37:27<31:08, 19.99it/s]
epoch 3/3:  47%|████▋     | 32532/69887 [37:27<31:00, 20.08it/s]
epoch 3/3:  47%|████▋     | 32535/69887 [37:27<31:01, 20.06it/s]
epoch 3/3:  47%|████▋     | 32538/69887 [37:28<31:16, 19.90it/s]
epoch 3/3:  47%|████▋     | 32541/69887 [37:28<31:03, 20.04it/s]
epoch 3/3:  47%|████▋     | 32544/69887 [37:28<31:00, 20.07it/s]
epoch 3/3:  47%|████▋     | 32547/69887 [37:28<30:59, 20.08it/s]
epoch 3/3:  47%|████▋     | 32550/69887 [37:28<31:02, 20.05it/s]
epoch 3/3:  47%|████▋     | 32553/69887 [37:28<31:12, 19.94it/s]
epoch 3/3:  47%|████▋     | 32555/69887 [37:28<31:14, 19.92it/s]
epoch 3/3:  47%|████▋     | 32557/69887 [37:28<31:13, 19.92it/s]
epoch 3/3:  47%|████▋     | 32559/69887 [37:29<31:18, 19.87it/s]
epoch 3/3:  47%|████▋     | 32562/69887 [37:29<31:01, 20.05it/s]
epoch 3/3:  47%|████▋     | 32565/69887 [37:29<31:00, 20.06it/s]
epoch 3/3:  47%|████▋     | 32568/69887 [37:29<30:55, 20.12it/s]
epoch 3/3:  47%|████▋     | 32571/69887 [37:29<30:52, 20.14it/s]
epoch 3/3:  47%|████▋     | 32574/69887 [37:29<30:50, 20.16it/s]
epoch 3/3:  47%|████▋     | 32577/69887 [37:29<30:49, 20.18it/s]
epoch 3/3:  47%|████▋     | 32580/69887 [37:30<30:56, 20.10it/s]
epoch 3/3:  47%|████▋     | 32583/69887 [37:30<30:53, 20.13it/s]
epoch 3/3:  47%|████▋     | 32586/69887 [37:30<30:55, 20.11it/s]
epoch 3/3:  47%|████▋     | 32589/69887 [37:30<30:54, 20.11it/s]
epoch 3/3:  47%|████▋     | 32592/69887 [37:30<30:50, 20.16it/s]
epoch 3/3:  47%|████▋     | 32595/69887 [37:30<30:41, 20.25it/s]
epoch 3/3:  47%|████▋     | 32598/69887 [37:31<30:43, 20.23it/s]
epoch 3/3:  47%|████▋     | 32601/69887 [37:31<30:36, 20.30it/s]
epoch 3/3:  47%|████▋     | 32604/69887 [37:31<30:34, 20.32it/s]
epoch 3/3:  47%|████▋     | 32607/69887 [37:31<30:34, 20.32it/s]
epoch 3/3:  47%|████▋     | 32610/69887 [37:31<30:28, 20.38it/s]
epoch 3/3:  47%|████▋     | 32613/69887 [37:31<30:34, 20.32it/s]
epoch 3/3:  47%|████▋     | 32616/69887 [37:31<30:34, 20.31it/s]
epoch 3/3:  47%|████▋     | 32619/69887 [37:32<31:20, 19.81it/s]
epoch 3/3:  47%|████▋     | 32622/69887 [37:32<31:14, 19.88it/s]
epoch 3/3:  47%|████▋     | 32625/69887 [37:32<31:06, 19.97it/s]  [checkpoint] step 172400 -> lcm_models/lcm_blt_mt_fraction0.8_s42_last.pth

epoch 3/3:  47%|████▋     | 32627/69887 [37:43<13:42:41,  1.32s/it]
epoch 3/3:  47%|████▋     | 32629/69887 [37:44<10:31:55,  1.02s/it]
epoch 3/3:  47%|████▋     | 32631/69887 [37:44<7:58:02,  1.30it/s] 
epoch 3/3:  47%|████▋     | 32633/69887 [37:44<5:58:18,  1.73it/s]
epoch 3/3:  47%|████▋     | 32636/69887 [37:44<3:58:49,  2.60it/s]
epoch 3/3:  47%|████▋     | 32639/69887 [37:44<2:47:23,  3.71it/s]
epoch 3/3:  47%|████▋     | 32642/69887 [37:44<2:02:21,  5.07it/s]
epoch 3/3:  47%|████▋     | 32645/69887 [37:44<1:32:58,  6.68it/s]
epoch 3/3:  47%|████▋     | 32648/69887 [37:44<1:13:25,  8.45it/s]
epoch 3/3:  47%|████▋     | 32651/69887 [37:45<1:00:09, 10.32it/s]
epoch 3/3:  47%|████▋     | 32654/69887 [37:45<50:57, 12.18it/s]  
epoch 3/3:  47%|████▋     | 32657/69887 [37:45<44:44, 13.87it/s]
epoch 3/3:  47%|████▋     | 32660/69887 [37:45<40:26, 15.34it/s]
epoch 3/3:  47%|████▋     | 32663/69887 [37:45<37:31, 16.54it/s]
epoch 3/3:  47%|████▋     | 32666/69887 [37:45<35:25, 17.51it/s]
epoch 3/3:  47%|████▋     | 32669/69887 [37:46<33:59, 18.25it/s]
epoch 3/3:  47%|████▋     | 32672/69887 [37:46<32:56, 18.83it/s]
epoch 3/3:  47%|████▋     | 32675/69887 [37:46<32:10, 19.27it/s]
epoch 3/3:  47%|████▋     | 32678/69887 [37:46<31:36, 19.62it/s]
epoch 3/3:  47%|████▋     | 32681/69887 [37:46<31:11, 19.88it/s]
epoch 3/3:  47%|████▋     | 32684/69887 [37:46<30:56, 20.04it/s]
epoch 3/3:  47%|████▋     | 32687/69887 [37:46<30:45, 20.16it/s]
epoch 3/3:  47%|████▋     | 32690/69887 [37:47<30:46, 20.14it/s]
epoch 3/3:  47%|████▋     | 32693/69887 [37:47<30:39, 20.22it/s]
epoch 3/3:  47%|████▋     | 32696/69887 [37:47<30:33, 20.29it/s]
epoch 3/3:  47%|████▋     | 32699/69887 [37:47<30:36, 20.25it/s]
epoch 3/3:  47%|████▋     | 32702/69887 [37:47<30:30, 20.31it/s]
epoch 3/3:  47%|████▋     | 32705/69887 [37:47<30:33, 20.28it/s]
epoch 3/3:  47%|████▋     | 32708/69887 [37:47<30:32, 20.29it/s]
epoch 3/3:  47%|████▋     | 32711/69887 [37:48<30:23, 20.39it/s]
epoch 3/3:  47%|████▋     | 32714/69887 [37:48<30:18, 20.44it/s]
epoch 3/3:  47%|████▋     | 32717/69887 [37:48<30:17, 20.45it/s]
epoch 3/3:  47%|████▋     | 32720/69887 [37:48<30:24, 20.37it/s]
epoch 3/3:  47%|████▋     | 32723/69887 [37:48<30:21, 20.40it/s]
epoch 3/3:  47%|████▋     | 32726/69887 [37:48<30:22, 20.39it/s]
epoch 3/3:  47%|████▋     | 32729/69887 [37:48<30:21, 20.40it/s]
epoch 3/3:  47%|████▋     | 32732/69887 [37:49<30:35, 20.24it/s]
epoch 3/3:  47%|████▋     | 32735/69887 [37:49<30:34, 20.25it/s]
epoch 3/3:  47%|████▋     | 32738/69887 [37:49<30:33, 20.27it/s]
epoch 3/3:  47%|████▋     | 32741/69887 [37:49<30:29, 20.30it/s]
epoch 3/3:  47%|████▋     | 32744/69887 [37:49<30:25, 20.35it/s]
epoch 3/3:  47%|████▋     | 32747/69887 [37:49<30:28, 20.31it/s]
epoch 3/3:  47%|████▋     | 32750/69887 [37:49<30:30, 20.28it/s]
epoch 3/3:  47%|████▋     | 32753/69887 [37:50<30:51, 20.06it/s]
epoch 3/3:  47%|████▋     | 32756/69887 [37:50<30:42, 20.15it/s]
epoch 3/3:  47%|████▋     | 32759/69887 [37:50<30:34, 20.24it/s]
epoch 3/3:  47%|████▋     | 32762/69887 [37:50<30:28, 20.30it/s]
epoch 3/3:  47%|████▋     | 32765/69887 [37:50<30:23, 20.36it/s]
epoch 3/3:  47%|████▋     | 32768/69887 [37:50<30:21, 20.37it/s]
epoch 3/3:  47%|████▋     | 32771/69887 [37:51<30:20, 20.39it/s]
epoch 3/3:  47%|████▋     | 32774/69887 [37:51<30:25, 20.33it/s]
epoch 3/3:  47%|████▋     | 32777/69887 [37:51<30:25, 20.32it/s]
epoch 3/3:  47%|████▋     | 32780/69887 [37:51<30:30, 20.27it/s]
epoch 3/3:  47%|████▋     | 32783/69887 [37:51<30:33, 20.24it/s]
epoch 3/3:  47%|████▋     | 32786/69887 [37:51<30:28, 20.29it/s]
epoch 3/3:  47%|████▋     | 32789/69887 [37:51<30:25, 20.33it/s]
epoch 3/3:  47%|████▋     | 32792/69887 [37:52<30:20, 20.38it/s]
epoch 3/3:  47%|████▋     | 32795/69887 [37:52<30:18, 20.40it/s]
epoch 3/3:  47%|████▋     | 32798/69887 [37:52<30:15, 20.42it/s]
epoch 3/3:  47%|████▋     | 32801/69887 [37:52<30:12, 20.46it/s]
epoch 3/3:  47%|████▋     | 32804/69887 [37:52<30:10, 20.48it/s]
epoch 3/3:  47%|████▋     | 32807/69887 [37:52<30:10, 20.48it/s]
epoch 3/3:  47%|████▋     | 32810/69887 [37:52<30:11, 20.47it/s]
epoch 3/3:  47%|████▋     | 32813/69887 [37:53<30:16, 20.40it/s]
epoch 3/3:  47%|████▋     | 32816/69887 [37:53<30:12, 20.45it/s]
epoch 3/3:  47%|████▋     | 32819/69887 [37:53<30:20, 20.36it/s]
epoch 3/3:  47%|████▋     | 32822/69887 [37:53<30:15, 20.42it/s]
epoch 3/3:  47%|████▋     | 32825/69887 [37:53<30:17, 20.40it/s]  [checkpoint] step 172600 -> lcm_models/lcm_blt_mt_fraction0.8_s42_last.pth

epoch 3/3:  47%|████▋     | 32828/69887 [38:04<11:35:34,  1.13s/it]
epoch 3/3:  47%|████▋     | 32831/69887 [38:04<8:15:58,  1.25it/s] 
epoch 3/3:  47%|████▋     | 32834/69887 [38:04<5:56:12,  1.73it/s]
epoch 3/3:  47%|████▋     | 32837/69887 [38:05<4:18:22,  2.39it/s]
epoch 3/3:  47%|████▋     | 32840/69887 [38:05<3:09:57,  3.25it/s]
epoch 3/3:  47%|████▋     | 32843/69887 [38:05<2:21:58,  4.35it/s]
epoch 3/3:  47%|████▋     | 32846/69887 [38:05<1:48:28,  5.69it/s]
epoch 3/3:  47%|████▋     | 32849/69887 [38:05<1:24:56,  7.27it/s]
epoch 3/3:  47%|████▋     | 32852/69887 [38:05<1:08:29,  9.01it/s]
epoch 3/3:  47%|████▋     | 32855/69887 [38:05<56:59, 10.83it/s]  
epoch 3/3:  47%|████▋     | 32858/69887 [38:06<48:56, 12.61it/s]
epoch 3/3:  47%|████▋     | 32861/69887 [38:06<43:20, 14.24it/s]
epoch 3/3:  47%|████▋     | 32864/69887 [38:06<39:56, 15.45it/s]
epoch 3/3:  47%|████▋     | 32867/69887 [38:06<37:10, 16.59it/s]
epoch 3/3:  47%|████▋     | 32870/69887 [38:06<35:07, 17.56it/s]
epoch 3/3:  47%|████▋     | 32873/69887 [38:06<33:40, 18.32it/s]
epoch 3/3:  47%|████▋     | 32876/69887 [38:06<32:37, 18.91it/s]
epoch 3/3:  47%|████▋     | 32879/69887 [38:07<31:52, 19.36it/s]
epoch 3/3:  47%|████▋     | 32882/69887 [38:07<31:22, 19.65it/s]
epoch 3/3:  47%|████▋     | 32885/69887 [38:07<30:59, 19.90it/s]
epoch 3/3:  47%|████▋     | 32888/69887 [38:07<30:53, 19.96it/s]
epoch 3/3:  47%|████▋     | 32891/69887 [38:07<30:42, 20.07it/s]
epoch 3/3:  47%|████▋     | 32894/69887 [38:07<30:31, 20.20it/s]
epoch 3/3:  47%|████▋     | 32897/69887 [38:07<30:21, 20.31it/s]
epoch 3/3:  47%|████▋     | 32900/69887 [38:08<30:16, 20.36it/s]
epoch 3/3:  47%|████▋     | 32903/69887 [38:08<30:14, 20.39it/s]
epoch 3/3:  47%|████▋     | 32906/69887 [38:08<30:12, 20.40it/s]
epoch 3/3:  47%|████▋     | 32909/69887 [38:08<30:17, 20.34it/s]
epoch 3/3:  47%|████▋     | 32912/69887 [38:08<30:26, 20.24it/s]
epoch 3/3:  47%|████▋     | 32915/69887 [38:08<30:20, 20.30it/s]
epoch 3/3:  47%|████▋     | 32918/69887 [38:09<30:14, 20.37it/s]
epoch 3/3:  47%|████▋     | 32921/69887 [38:09<30:10, 20.41it/s]
epoch 3/3:  47%|████▋     | 32924/69887 [38:09<30:06, 20.46it/s]
epoch 3/3:  47%|████▋     | 32927/69887 [38:09<30:02, 20.50it/s]
epoch 3/3:  47%|████▋     | 32930/69887 [38:09<30:03, 20.49it/s]
epoch 3/3:  47%|████▋     | 32933/69887 [38:09<30:02, 20.50it/s]
epoch 3/3:  47%|████▋     | 32936/69887 [38:09<30:00, 20.53it/s]
epoch 3/3:  47%|████▋     | 32939/69887 [38:10<29:58, 20.55it/s]
epoch 3/3:  47%|████▋     | 32942/69887 [38:10<29:58, 20.54it/s]
epoch 3/3:  47%|████▋     | 32945/69887 [38:10<29:57, 20.55it/s]
epoch 3/3:  47%|████▋     | 32948/69887 [38:10<29:56, 20.56it/s]
epoch 3/3:  47%|████▋     | 32951/69887 [38:10<29:57, 20.54it/s]
epoch 3/3:  47%|████▋     | 32954/69887 [38:10<29:55, 20.57it/s]
epoch 3/3:  47%|████▋     | 32957/69887 [38:10<29:54, 20.58it/s]
epoch 3/3:  47%|████▋     | 32960/69887 [38:11<29:54, 20.58it/s]
epoch 3/3:  47%|████▋     | 32963/69887 [38:11<29:55, 20.56it/s]
epoch 3/3:  47%|████▋     | 32966/69887 [38:11<29:54, 20.57it/s]
epoch 3/3:  47%|████▋     | 32969/69887 [38:11<29:54, 20.58it/s]
epoch 3/3:  47%|████▋     | 32972/69887 [38:11<29:54, 20.57it/s]
epoch 3/3:  47%|████▋     | 32975/69887 [38:11<29:52, 20.60it/s]
epoch 3/3:  47%|████▋     | 32978/69887 [38:11<29:51, 20.60it/s]
epoch 3/3:  47%|████▋     | 32981/69887 [38:12<29:51, 20.60it/s]
epoch 3/3:  47%|████▋     | 32984/69887 [38:12<29:51, 20.60it/s]
epoch 3/3:  47%|████▋     | 32987/69887 [38:12<29:50, 20.61it/s]
epoch 3/3:  47%|████▋     | 32990/69887 [38:12<29:52, 20.58it/s]
epoch 3/3:  47%|████▋     | 32993/69887 [38:12<29:55, 20.55it/s]
epoch 3/3:  47%|████▋     | 32996/69887 [38:12<29:58, 20.52it/s]
epoch 3/3:  47%|████▋     | 32999/69887 [38:12<29:58, 20.51it/s]
epoch 3/3:  47%|████▋     | 33002/69887 [38:13<30:04, 20.45it/s]
epoch 3/3:  47%|████▋     | 33005/69887 [38:13<30:04, 20.43it/s]
epoch 3/3:  47%|████▋     | 33008/69887 [38:13<30:03, 20.44it/s]
epoch 3/3:  47%|████▋     | 33011/69887 [38:13<30:02, 20.46it/s]
epoch 3/3:  47%|████▋     | 33014/69887 [38:13<30:04, 20.44it/s]
epoch 3/3:  47%|████▋     | 33017/69887 [38:13<30:05, 20.42it/s]
epoch 3/3:  47%|████▋     | 33020/69887 [38:13<30:04, 20.43it/s]
epoch 3/3:  47%|████▋     | 33023/69887 [38:14<30:09, 20.37it/s]  [checkpoint] step 172800 -> lcm_models/lcm_blt_mt_fraction0.8_s42_last.pth

epoch 3/3:  47%|████▋     | 33026/69887 [38:25<12:11:24,  1.19s/it]
epoch 3/3:  47%|████▋     | 33028/69887 [38:25<9:35:43,  1.07it/s] 
epoch 3/3:  47%|████▋     | 33031/69887 [38:25<6:39:38,  1.54it/s]
epoch 3/3:  47%|████▋     | 33034/69887 [38:26<4:43:01,  2.17it/s]
epoch 3/3:  47%|████▋     | 33037/69887 [38:26<3:24:22,  3.01it/s]
epoch 3/3:  47%|████▋     | 33040/69887 [38:26<2:30:43,  4.07it/s]
epoch 3/3:  47%|████▋     | 33043/69887 [38:26<1:54:38,  5.36it/s]
epoch 3/3:  47%|████▋     | 33046/69887 [38:26<1:29:02,  6.90it/s]
epoch 3/3:  47%|████▋     | 33049/69887 [38:26<1:11:12,  8.62it/s]
epoch 3/3:  47%|████▋     | 33052/69887 [38:26<58:51, 10.43it/s]  
epoch 3/3:  47%|████▋     | 33055/69887 [38:27<50:30, 12.15it/s]
epoch 3/3:  47%|████▋     | 33058/69887 [38:27<44:19, 13.85it/s]
epoch 3/3:  47%|████▋     | 33061/69887 [38:27<40:06, 15.30it/s]
epoch 3/3:  47%|████▋     | 33064/69887 [38:27<37:14, 16.48it/s]
epoch 3/3:  47%|████▋     | 33067/69887 [38:27<35:02, 17.51it/s]
epoch 3/3:  47%|████▋     | 33070/69887 [38:27<33:31, 18.31it/s]
epoch 3/3:  47%|████▋     | 33073/69887 [38:28<32:29, 18.88it/s]
epoch 3/3:  47%|████▋     | 33076/69887 [38:28<31:46, 19.31it/s]
epoch 3/3:  47%|████▋     | 33079/69887 [38:28<31:14, 19.63it/s]
epoch 3/3:  47%|████▋     | 33082/69887 [38:28<30:53, 19.86it/s]
epoch 3/3:  47%|████▋     | 33085/69887 [38:28<30:36, 20.04it/s]
epoch 3/3:  47%|████▋     | 33088/69887 [38:28<30:26, 20.14it/s]
epoch 3/3:  47%|████▋     | 33091/69887 [38:28<30:23, 20.18it/s]
epoch 3/3:  47%|████▋     | 33094/69887 [38:29<30:16, 20.25it/s]
epoch 3/3:  47%|████▋     | 33097/69887 [38:29<30:09, 20.33it/s]
epoch 3/3:  47%|████▋     | 33100/69887 [38:29<30:05, 20.38it/s]
epoch 3/3:  47%|████▋     | 33103/69887 [38:29<30:01, 20.42it/s]
epoch 3/3:  47%|████▋     | 33106/69887 [38:29<29:55, 20.48it/s]
epoch 3/3:  47%|████▋     | 33109/69887 [38:29<29:53, 20.51it/s]
epoch 3/3:  47%|████▋     | 33112/69887 [38:29<29:49, 20.55it/s]
epoch 3/3:  47%|████▋     | 33115/69887 [38:30<29:49, 20.55it/s]
epoch 3/3:  47%|████▋     | 33118/69887 [38:30<29:49, 20.55it/s]
epoch 3/3:  47%|████▋     | 33121/69887 [38:30<29:49, 20.54it/s]
epoch 3/3:  47%|████▋     | 33124/69887 [38:30<29:48, 20.56it/s]
epoch 3/3:  47%|████▋     | 33127/69887 [38:30<29:49, 20.55it/s]
epoch 3/3:  47%|████▋     | 33130/69887 [38:30<29:49, 20.54it/s]
epoch 3/3:  47%|████▋     | 33133/69887 [38:30<29:58, 20.43it/s]
epoch 3/3:  47%|████▋     | 33136/69887 [38:31<29:59, 20.43it/s]
epoch 3/3:  47%|████▋     | 33139/69887 [38:31<29:57, 20.45it/s]
epoch 3/3:  47%|████▋     | 33142/69887 [38:31<29:54, 20.47it/s]
epoch 3/3:  47%|████▋     | 33145/69887 [38:31<29:53, 20.49it/s]
epoch 3/3:  47%|████▋     | 33148/69887 [38:31<29:52, 20.50it/s]
epoch 3/3:  47%|████▋     | 33151/69887 [38:31<29:52, 20.50it/s]
epoch 3/3:  47%|████▋     | 33154/69887 [38:31<29:50, 20.52it/s]
epoch 3/3:  47%|████▋     | 33157/69887 [38:32<29:47, 20.54it/s]
epoch 3/3:  47%|████▋     | 33160/69887 [38:32<29:46, 20.56it/s]
epoch 3/3:  47%|████▋     | 33163/69887 [38:32<29:46, 20.55it/s]
epoch 3/3:  47%|████▋     | 33166/69887 [38:32<29:47, 20.54it/s]
epoch 3/3:  47%|████▋     | 33169/69887 [38:32<29:51, 20.49it/s]
epoch 3/3:  47%|████▋     | 33172/69887 [38:32<29:52, 20.48it/s]
epoch 3/3:  47%|████▋     | 33175/69887 [38:32<29:52, 20.48it/s]
epoch 3/3:  47%|████▋     | 33178/69887 [38:33<30:02, 20.36it/s]
epoch 3/3:  47%|████▋     | 33181/69887 [38:33<30:04, 20.34it/s]
epoch 3/3:  47%|████▋     | 33184/69887 [38:33<30:01, 20.37it/s]
epoch 3/3:  47%|████▋     | 33187/69887 [38:33<29:59, 20.39it/s]
epoch 3/3:  47%|████▋     | 33190/69887 [38:33<29:57, 20.42it/s]
epoch 3/3:  47%|████▋     | 33193/69887 [38:33<29:53, 20.46it/s]
epoch 3/3:  47%|████▋     | 33196/69887 [38:34<29:59, 20.39it/s]
epoch 3/3:  48%|████▊     | 33199/69887 [38:34<29:56, 20.42it/s]
epoch 3/3:  48%|████▊     | 33202/69887 [38:34<29:55, 20.43it/s]
epoch 3/3:  48%|████▊     | 33205/69887 [38:34<30:05, 20.32it/s]
epoch 3/3:  48%|████▊     | 33208/69887 [38:34<30:03, 20.33it/s]
epoch 3/3:  48%|████▊     | 33211/69887 [38:34<30:01, 20.36it/s]
epoch 3/3:  48%|████▊     | 33214/69887 [38:34<30:00, 20.37it/s]
epoch 3/3:  48%|████▊     | 33217/69887 [38:35<29:58, 20.39it/s]
epoch 3/3:  48%|████▊     | 33220/69887 [38:35<29:55, 20.43it/s]
epoch 3/3:  48%|████▊     | 33223/69887 [38:35<29:55, 20.42it/s]  [checkpoint] step 173000 -> lcm_models/lcm_blt_mt_fraction0.8_s42_last.pth

epoch 3/3:  48%|████▊     | 33226/69887 [38:47<12:20:52,  1.21s/it]
epoch 3/3:  48%|████▊     | 33228/69887 [38:47<9:43:03,  1.05it/s] 
epoch 3/3:  48%|████▊     | 33231/69887 [38:47<6:44:37,  1.51it/s]
epoch 3/3:  48%|████▊     | 33234/69887 [38:47<4:46:37,  2.13it/s]
epoch 3/3:  48%|████▊     | 33237/69887 [38:47<3:27:07,  2.95it/s]
epoch 3/3:  48%|████▊     | 33240/69887 [38:47<2:32:40,  4.00it/s]
epoch 3/3:  48%|████▊     | 33243/69887 [38:47<1:55:15,  5.30it/s]
epoch 3/3:  48%|████▊     | 33246/69887 [38:48<1:29:18,  6.84it/s]
epoch 3/3:  48%|████▊     | 33249/69887 [38:48<1:11:22,  8.56it/s]
epoch 3/3:  48%|████▊     | 33252/69887 [38:48<58:47, 10.39it/s]  
epoch 3/3:  48%|████▊     | 33255/69887 [38:48<50:04, 12.19it/s]
epoch 3/3:  48%|████▊     | 33258/69887 [38:48<44:00, 13.87it/s]
epoch 3/3:  48%|████▊     | 33261/69887 [38:48<39:51, 15.31it/s]
epoch 3/3:  48%|████▊     | 33264/69887 [38:49<36:55, 16.53it/s]
epoch 3/3:  48%|████▊     | 33267/69887 [38:49<34:48, 17.53it/s]
epoch 3/3:  48%|████▊     | 33270/69887 [38:49<33:25, 18.26it/s]
epoch 3/3:  48%|████▊     | 33273/69887 [38:49<32:20, 18.87it/s]
epoch 3/3:  48%|████▊     | 33276/69887 [38:49<31:33, 19.33it/s]
epoch 3/3:  48%|████▊     | 33279/69887 [38:49<31:02, 19.65it/s]
epoch 3/3:  48%|████▊     | 33282/69887 [38:49<30:41, 19.88it/s]
epoch 3/3:  48%|████▊     | 33285/69887 [38:50<30:30, 20.00it/s]
epoch 3/3:  48%|████▊     | 33288/69887 [38:50<30:20, 20.10it/s]
epoch 3/3:  48%|████▊     | 33291/69887 [38:50<30:18, 20.12it/s]
epoch 3/3:  48%|████▊     | 33294/69887 [38:50<30:12, 20.19it/s]
epoch 3/3:  48%|████▊     | 33297/69887 [38:50<30:06, 20.26it/s]
epoch 3/3:  48%|████▊     | 33300/69887 [38:50<30:01, 20.31it/s]
epoch 3/3:  48%|████▊     | 33303/69887 [38:50<29:58, 20.34it/s]
epoch 3/3:  48%|████▊     | 33306/69887 [38:51<29:56, 20.37it/s]
epoch 3/3:  48%|████▊     | 33309/69887 [38:51<29:52, 20.40it/s]
epoch 3/3:  48%|████▊     | 33312/69887 [38:51<29:49, 20.44it/s]
epoch 3/3:  48%|████▊     | 33315/69887 [38:51<29:46, 20.47it/s]
epoch 3/3:  48%|████▊     | 33318/69887 [38:51<29:46, 20.47it/s]
epoch 3/3:  48%|████▊     | 33321/69887 [38:51<29:45, 20.48it/s]
epoch 3/3:  48%|████▊     | 33324/69887 [38:51<29:45, 20.48it/s]
epoch 3/3:  48%|████▊     | 33327/69887 [38:52<29:43, 20.50it/s]
epoch 3/3:  48%|████▊     | 33330/69887 [38:52<29:43, 20.50it/s]
epoch 3/3:  48%|████▊     | 33333/69887 [38:52<29:40, 20.53it/s]
epoch 3/3:  48%|████▊     | 33336/69887 [38:52<30:01, 20.29it/s]
epoch 3/3:  48%|████▊     | 33339/69887 [38:52<30:00, 20.30it/s]
epoch 3/3:  48%|████▊     | 33342/69887 [38:52<30:00, 20.30it/s]
epoch 3/3:  48%|████▊     | 33345/69887 [38:52<29:56, 20.35it/s]
epoch 3/3:  48%|████▊     | 33348/69887 [38:53<29:51, 20.39it/s]
epoch 3/3:  48%|████▊     | 33351/69887 [38:53<29:55, 20.35it/s]
epoch 3/3:  48%|████▊     | 33354/69887 [38:53<29:50, 20.40it/s]
epoch 3/3:  48%|████▊     | 33357/69887 [38:53<29:49, 20.41it/s]
epoch 3/3:  48%|████▊     | 33360/69887 [38:53<29:48, 20.42it/s]
epoch 3/3:  48%|████▊     | 33363/69887 [38:53<29:42, 20.49it/s]
epoch 3/3:  48%|████▊     | 33366/69887 [38:54<29:47, 20.44it/s]
epoch 3/3:  48%|████▊     | 33369/69887 [38:54<29:46, 20.45it/s]
epoch 3/3:  48%|████▊     | 33372/69887 [38:54<29:50, 20.40it/s]
epoch 3/3:  48%|████▊     | 33375/69887 [38:54<29:58, 20.31it/s]
epoch 3/3:  48%|████▊     | 33378/69887 [38:54<29:59, 20.28it/s]
epoch 3/3:  48%|████▊     | 33381/69887 [38:54<29:52, 20.36it/s]
epoch 3/3:  48%|████▊     | 33384/69887 [38:54<29:49, 20.39it/s]
epoch 3/3:  48%|████▊     | 33387/69887 [38:55<29:53, 20.36it/s]
epoch 3/3:  48%|████▊     | 33390/69887 [38:55<29:52, 20.36it/s]
epoch 3/3:  48%|████▊     | 33393/69887 [38:55<29:53, 20.35it/s]
epoch 3/3:  48%|████▊     | 33396/69887 [38:55<29:49, 20.39it/s]
epoch 3/3:  48%|████▊     | 33399/69887 [38:55<29:49, 20.39it/s]
epoch 3/3:  48%|████▊     | 33402/69887 [38:55<29:51, 20.37it/s]
epoch 3/3:  48%|████▊     | 33405/69887 [38:55<29:49, 20.39it/s]
epoch 3/3:  48%|████▊     | 33408/69887 [38:56<29:51, 20.36it/s]
epoch 3/3:  48%|████▊     | 33411/69887 [38:56<29:58, 20.29it/s]
epoch 3/3:  48%|████▊     | 33414/69887 [38:56<30:06, 20.18it/s]
epoch 3/3:  48%|████▊     | 33417/69887 [38:56<30:15, 20.09it/s]
epoch 3/3:  48%|████▊     | 33420/69887 [38:56<30:29, 19.93it/s]
epoch 3/3:  48%|████▊     | 33422/69887 [38:56<30:45, 19.75it/s]
epoch 3/3:  48%|████▊     | 33424/69887 [38:56<31:01, 19.59it/s]
epoch 3/3:  48%|████▊     | 33424/69887 [39:07<31:01, 19.59it/s]  [checkpoint] step 173200 -> lcm_models/lcm_blt_mt_fraction0.8_s42_last.pth

epoch 3/3:  48%|████▊     | 33426/69887 [39:08<14:52:14,  1.47s/it]
epoch 3/3:  48%|████▊     | 33428/69887 [39:08<11:01:23,  1.09s/it]
epoch 3/3:  48%|████▊     | 33431/69887 [39:08<7:11:04,  1.41it/s] 
epoch 3/3:  48%|████▊     | 33434/69887 [39:08<4:53:35,  2.07it/s]
epoch 3/3:  48%|████▊     | 33437/69887 [39:08<3:26:50,  2.94it/s]
epoch 3/3:  48%|████▊     | 33440/69887 [39:08<2:30:17,  4.04it/s]
epoch 3/3:  48%|████▊     | 33443/69887 [39:08<1:52:30,  5.40it/s]
epoch 3/3:  48%|████▊     | 33446/69887 [39:09<1:26:52,  6.99it/s]
epoch 3/3:  48%|████▊     | 33449/69887 [39:09<1:09:17,  8.76it/s]
epoch 3/3:  48%|████▊     | 33452/69887 [39:09<57:16, 10.60it/s]  
epoch 3/3:  48%|████▊     | 33455/69887 [39:09<48:59, 12.39it/s]
epoch 3/3:  48%|████▊     | 33458/69887 [39:09<43:09, 14.07it/s]
epoch 3/3:  48%|████▊     | 33461/69887 [39:09<39:05, 15.53it/s]
epoch 3/3:  48%|████▊     | 33464/69887 [39:09<36:20, 16.70it/s]
epoch 3/3:  48%|████▊     | 33467/69887 [39:10<34:19, 17.69it/s]
epoch 3/3:  48%|████▊     | 33470/69887 [39:10<32:53, 18.45it/s]
epoch 3/3:  48%|████▊     | 33473/69887 [39:10<32:00, 18.96it/s]
epoch 3/3:  48%|████▊     | 33476/69887 [39:10<31:16, 19.40it/s]
epoch 3/3:  48%|████▊     | 33479/69887 [39:10<30:47, 19.71it/s]
epoch 3/3:  48%|████▊     | 33482/69887 [39:10<30:26, 19.93it/s]
epoch 3/3:  48%|████▊     | 33485/69887 [39:10<30:10, 20.11it/s]
epoch 3/3:  48%|████▊     | 33488/69887 [39:11<30:07, 20.14it/s]
epoch 3/3:  48%|████▊     | 33491/69887 [39:11<30:09, 20.12it/s]
epoch 3/3:  48%|████▊     | 33494/69887 [39:11<30:06, 20.15it/s]
epoch 3/3:  48%|████▊     | 33497/69887 [39:11<29:55, 20.27it/s]
epoch 3/3:  48%|████▊     | 33500/69887 [39:11<29:46, 20.37it/s]
epoch 3/3:  48%|████▊     | 33503/69887 [39:11<29:49, 20.33it/s]
epoch 3/3:  48%|████▊     | 33506/69887 [39:11<29:47, 20.36it/s]
epoch 3/3:  48%|████▊     | 33509/69887 [39:12<29:42, 20.41it/s]
epoch 3/3:  48%|████▊     | 33512/69887 [39:12<29:45, 20.37it/s]
epoch 3/3:  48%|████▊     | 33515/69887 [39:12<29:41, 20.41it/s]
epoch 3/3:  48%|████▊     | 33518/69887 [39:12<29:42, 20.40it/s]
epoch 3/3:  48%|████▊     | 33521/69887 [39:12<29:41, 20.41it/s]
epoch 3/3:  48%|████▊     | 33524/69887 [39:12<29:38, 20.45it/s]
epoch 3/3:  48%|████▊     | 33527/69887 [39:13<29:46, 20.36it/s]
epoch 3/3:  48%|████▊     | 33530/69887 [39:13<29:43, 20.38it/s]
epoch 3/3:  48%|████▊     | 33533/69887 [39:13<29:41, 20.41it/s]
epoch 3/3:  48%|████▊     | 33536/69887 [39:13<29:36, 20.46it/s]
epoch 3/3:  48%|████▊     | 33539/69887 [39:13<29:42, 20.39it/s]
epoch 3/3:  48%|████▊     | 33542/69887 [39:13<29:43, 20.38it/s]
epoch 3/3:  48%|████▊     | 33545/69887 [39:13<29:48, 20.32it/s]
epoch 3/3:  48%|████▊     | 33548/69887 [39:14<29:45, 20.35it/s]
epoch 3/3:  48%|████▊     | 33551/69887 [39:14<29:40, 20.41it/s]
epoch 3/3:  48%|████▊     | 33554/69887 [39:14<29:39, 20.41it/s]
epoch 3/3:  48%|████▊     | 33557/69887 [39:14<29:41, 20.39it/s]
epoch 3/3:  48%|████▊     | 33560/69887 [39:14<29:36, 20.45it/s]
epoch 3/3:  48%|████▊     | 33563/69887 [39:14<29:42, 20.38it/s]
epoch 3/3:  48%|████▊     | 33566/69887 [39:14<29:36, 20.44it/s]
epoch 3/3:  48%|████▊     | 33569/69887 [39:15<29:40, 20.40it/s]
epoch 3/3:  48%|████▊     | 33572/69887 [39:15<29:41, 20.38it/s]
epoch 3/3:  48%|████▊     | 33575/69887 [39:15<29:42, 20.38it/s]
epoch 3/3:  48%|████▊     | 33578/69887 [39:15<29:39, 20.40it/s]
epoch 3/3:  48%|████▊     | 33581/69887 [39:15<29:36, 20.44it/s]
epoch 3/3:  48%|████▊     | 33584/69887 [39:15<29:41, 20.37it/s]
epoch 3/3:  48%|████▊     | 33587/69887 [39:15<29:38, 20.41it/s]
epoch 3/3:  48%|████▊     | 33590/69887 [39:16<29:35, 20.44it/s]
epoch 3/3:  48%|████▊     | 33593/69887 [39:16<29:34, 20.45it/s]
epoch 3/3:  48%|████▊     | 33596/69887 [39:16<29:34, 20.45it/s]
epoch 3/3:  48%|████▊     | 33599/69887 [39:16<29:32, 20.47it/s]
epoch 3/3:  48%|████▊     | 33602/69887 [39:16<29:30, 20.50it/s]
epoch 3/3:  48%|████▊     | 33605/69887 [39:16<29:33, 20.46it/s]
epoch 3/3:  48%|████▊     | 33608/69887 [39:16<29:31, 20.47it/s]
epoch 3/3:  48%|████▊     | 33611/69887 [39:17<29:46, 20.30it/s]
epoch 3/3:  48%|████▊     | 33614/69887 [39:17<29:47, 20.29it/s]
epoch 3/3:  48%|████▊     | 33617/69887 [39:17<29:44, 20.33it/s]
epoch 3/3:  48%|████▊     | 33620/69887 [39:17<29:49, 20.27it/s]
epoch 3/3:  48%|████▊     | 33623/69887 [39:17<29:51, 20.24it/s]  [checkpoint] step 173400 -> lcm_models/lcm_blt_mt_fraction0.8_s42_last.pth

epoch 3/3:  48%|████▊     | 33626/69887 [39:28<11:23:59,  1.13s/it]
epoch 3/3:  48%|████▊     | 33628/69887 [39:28<8:58:42,  1.12it/s] 
epoch 3/3:  48%|████▊     | 33631/69887 [39:28<6:14:26,  1.61it/s]
epoch 3/3:  48%|████▊     | 33634/69887 [39:29<4:25:36,  2.27it/s]
epoch 3/3:  48%|████▊     | 33637/69887 [39:29<3:12:13,  3.14it/s]
epoch 3/3:  48%|████▊     | 33640/69887 [39:29<2:22:09,  4.25it/s]
epoch 3/3:  48%|████▊     | 33643/69887 [39:29<1:47:56,  5.60it/s]
epoch 3/3:  48%|████▊     | 33646/69887 [39:29<1:24:06,  7.18it/s]
epoch 3/3:  48%|████▊     | 33649/69887 [39:29<1:07:34,  8.94it/s]
epoch 3/3:  48%|████▊     | 33652/69887 [39:29<56:06, 10.76it/s]  
epoch 3/3:  48%|████▊     | 33655/69887 [39:30<48:09, 12.54it/s]
epoch 3/3:  48%|████▊     | 33658/69887 [39:30<42:47, 14.11it/s]
epoch 3/3:  48%|████▊     | 33661/69887 [39:30<38:58, 15.49it/s]
epoch 3/3:  48%|████▊     | 33664/69887 [39:30<36:29, 16.54it/s]
epoch 3/3:  48%|████▊     | 33667/69887 [39:30<34:54, 17.29it/s]
epoch 3/3:  48%|████▊     | 33669/69887 [39:30<34:04, 17.72it/s]
epoch 3/3:  48%|████▊     | 33671/69887 [39:30<33:19, 18.11it/s]
epoch 3/3:  48%|████▊     | 33674/69887 [39:31<32:11, 18.75it/s]
epoch 3/3:  48%|████▊     | 33677/69887 [39:31<31:20, 19.25it/s]
epoch 3/3:  48%|████▊     | 33680/69887 [39:31<30:49, 19.58it/s]
epoch 3/3:  48%|████▊     | 33683/69887 [39:31<30:24, 19.85it/s]
epoch 3/3:  48%|████▊     | 33686/69887 [39:31<30:16, 19.93it/s]
epoch 3/3:  48%|████▊     | 33689/69887 [39:31<30:01, 20.10it/s]
epoch 3/3:  48%|████▊     | 33692/69887 [39:31<29:47, 20.25it/s]
epoch 3/3:  48%|████▊     | 33695/69887 [39:32<29:47, 20.24it/s]
epoch 3/3:  48%|████▊     | 33698/69887 [39:32<29:39, 20.34it/s]
epoch 3/3:  48%|████▊     | 33701/69887 [39:32<29:37, 20.36it/s]
epoch 3/3:  48%|████▊     | 33704/69887 [39:32<29:42, 20.30it/s]
epoch 3/3:  48%|████▊     | 33707/69887 [39:32<29:47, 20.24it/s]
epoch 3/3:  48%|████▊     | 33710/69887 [39:32<29:48, 20.23it/s]
epoch 3/3:  48%|████▊     | 33713/69887 [39:32<29:42, 20.29it/s]
epoch 3/3:  48%|████▊     | 33716/69887 [39:33<29:38, 20.34it/s]
epoch 3/3:  48%|████▊     | 33719/69887 [39:33<29:34, 20.38it/s]
epoch 3/3:  48%|████▊     | 33722/69887 [39:33<29:33, 20.39it/s]
epoch 3/3:  48%|████▊     | 33725/69887 [39:33<29:28, 20.45it/s]
epoch 3/3:  48%|████▊     | 33728/69887 [39:33<29:29, 20.43it/s]
epoch 3/3:  48%|████▊     | 33731/69887 [39:33<29:27, 20.45it/s]
epoch 3/3:  48%|████▊     | 33734/69887 [39:34<29:33, 20.39it/s]
epoch 3/3:  48%|████▊     | 33737/69887 [39:34<29:30, 20.42it/s]
epoch 3/3:  48%|████▊     | 33740/69887 [39:34<29:26, 20.46it/s]
epoch 3/3:  48%|████▊     | 33743/69887 [39:34<29:25, 20.48it/s]
epoch 3/3:  48%|████▊     | 33746/69887 [39:34<29:24, 20.48it/s]
epoch 3/3:  48%|████▊     | 33749/69887 [39:34<29:22, 20.50it/s]
epoch 3/3:  48%|████▊     | 33752/69887 [39:34<29:20, 20.53it/s]
epoch 3/3:  48%|████▊     | 33755/69887 [39:35<29:19, 20.53it/s]
epoch 3/3:  48%|████▊     | 33758/69887 [39:35<29:19, 20.53it/s]
epoch 3/3:  48%|████▊     | 33761/69887 [39:35<29:20, 20.52it/s]
epoch 3/3:  48%|████▊     | 33764/69887 [39:35<29:18, 20.54it/s]
epoch 3/3:  48%|████▊     | 33767/69887 [39:35<29:16, 20.57it/s]
epoch 3/3:  48%|████▊     | 33770/69887 [39:35<29:16, 20.56it/s]
epoch 3/3:  48%|████▊     | 33773/69887 [39:35<29:19, 20.53it/s]
epoch 3/3:  48%|████▊     | 33776/69887 [39:36<29:19, 20.53it/s]
epoch 3/3:  48%|████▊     | 33779/69887 [39:36<29:19, 20.52it/s]
epoch 3/3:  48%|████▊     | 33782/69887 [39:36<29:20, 20.51it/s]
epoch 3/3:  48%|████▊     | 33785/69887 [39:36<29:23, 20.48it/s]
epoch 3/3:  48%|████▊     | 33788/69887 [39:36<29:20, 20.50it/s]
epoch 3/3:  48%|████▊     | 33791/69887 [39:36<29:18, 20.52it/s]
epoch 3/3:  48%|████▊     | 33794/69887 [39:36<29:17, 20.53it/s]
epoch 3/3:  48%|████▊     | 33797/69887 [39:37<29:17, 20.53it/s]
epoch 3/3:  48%|████▊     | 33800/69887 [39:37<29:19, 20.51it/s]
epoch 3/3:  48%|████▊     | 33803/69887 [39:37<29:24, 20.46it/s]
epoch 3/3:  48%|████▊     | 33806/69887 [39:37<29:21, 20.48it/s]
epoch 3/3:  48%|████▊     | 33809/69887 [39:37<29:20, 20.49it/s]
epoch 3/3:  48%|████▊     | 33812/69887 [39:37<29:21, 20.48it/s]
epoch 3/3:  48%|████▊     | 33815/69887 [39:37<29:22, 20.47it/s]
epoch 3/3:  48%|████▊     | 33818/69887 [39:38<29:19, 20.50it/s]
epoch 3/3:  48%|████▊     | 33821/69887 [39:38<29:20, 20.49it/s]
epoch 3/3:  48%|████▊     | 33824/69887 [39:38<29:19, 20.50it/s]  [checkpoint] step 173600 -> lcm_models/lcm_blt_mt_fraction0.8_s42_last.pth

epoch 3/3:  48%|████▊     | 33827/69887 [39:49<11:28:19,  1.15s/it]
epoch 3/3:  48%|████▊     | 33830/69887 [39:49<8:10:40,  1.22it/s] 
epoch 3/3:  48%|████▊     | 33833/69887 [39:49<5:52:19,  1.71it/s]
epoch 3/3:  48%|████▊     | 33836/69887 [39:49<4:15:26,  2.35it/s]
epoch 3/3:  48%|████▊     | 33839/69887 [39:50<3:07:36,  3.20it/s]
epoch 3/3:  48%|████▊     | 33842/69887 [39:50<2:20:08,  4.29it/s]
epoch 3/3:  48%|████▊     | 33845/69887 [39:50<1:46:52,  5.62it/s]
epoch 3/3:  48%|████▊     | 33848/69887 [39:50<1:23:33,  7.19it/s]
epoch 3/3:  48%|████▊     | 33851/69887 [39:50<1:07:17,  8.93it/s]
epoch 3/3:  48%|████▊     | 33854/69887 [39:50<55:53, 10.74it/s]  
epoch 3/3:  48%|████▊     | 33857/69887 [39:50<47:57, 12.52it/s]
epoch 3/3:  48%|████▊     | 33860/69887 [39:51<42:20, 14.18it/s]
epoch 3/3:  48%|████▊     | 33863/69887 [39:51<38:24, 15.63it/s]
epoch 3/3:  48%|████▊     | 33866/69887 [39:51<35:37, 16.85it/s]
epoch 3/3:  48%|████▊     | 33869/69887 [39:51<33:43, 17.80it/s]
epoch 3/3:  48%|████▊     | 33872/69887 [39:51<32:22, 18.54it/s]
epoch 3/3:  48%|████▊     | 33875/69887 [39:51<31:23, 19.12it/s]
epoch 3/3:  48%|████▊     | 33878/69887 [39:52<30:43, 19.53it/s]
epoch 3/3:  48%|████▊     | 33881/69887 [39:52<30:15, 19.83it/s]
epoch 3/3:  48%|████▊     | 33884/69887 [39:52<29:55, 20.05it/s]
epoch 3/3:  48%|████▊     | 33887/69887 [39:52<29:40, 20.22it/s]
epoch 3/3:  48%|████▊     | 33890/69887 [39:52<29:33, 20.30it/s]
epoch 3/3:  48%|████▊     | 33893/69887 [39:52<29:29, 20.34it/s]
epoch 3/3:  49%|████▊     | 33896/69887 [39:52<29:23, 20.40it/s]
epoch 3/3:  49%|████▊     | 33899/69887 [39:53<29:23, 20.41it/s]
epoch 3/3:  49%|████▊     | 33902/69887 [39:53<29:17, 20.48it/s]
epoch 3/3:  49%|████▊     | 33905/69887 [39:53<29:13, 20.52it/s]
epoch 3/3:  49%|████▊     | 33908/69887 [39:53<29:12, 20.53it/s]
epoch 3/3:  49%|████▊     | 33911/69887 [39:53<29:11, 20.54it/s]
epoch 3/3:  49%|████▊     | 33914/69887 [39:53<29:10, 20.55it/s]
epoch 3/3:  49%|████▊     | 33917/69887 [39:53<29:10, 20.55it/s]
epoch 3/3:  49%|████▊     | 33920/69887 [39:54<29:10, 20.55it/s]
epoch 3/3:  49%|████▊     | 33923/69887 [39:54<29:08, 20.57it/s]
epoch 3/3:  49%|████▊     | 33926/69887 [39:54<29:07, 20.58it/s]
epoch 3/3:  49%|████▊     | 33929/69887 [39:54<29:06, 20.59it/s]
epoch 3/3:  49%|████▊     | 33932/69887 [39:54<29:06, 20.59it/s]
epoch 3/3:  49%|████▊     | 33935/69887 [39:54<29:08, 20.56it/s]
epoch 3/3:  49%|████▊     | 33938/69887 [39:54<29:07, 20.57it/s]
epoch 3/3:  49%|████▊     | 33941/69887 [39:55<29:05, 20.59it/s]
epoch 3/3:  49%|████▊     | 33944/69887 [39:55<29:04, 20.60it/s]
epoch 3/3:  49%|████▊     | 33947/69887 [39:55<29:09, 20.54it/s]
epoch 3/3:  49%|████▊     | 33950/69887 [39:55<29:08, 20.55it/s]
epoch 3/3:  49%|████▊     | 33953/69887 [39:55<29:06, 20.58it/s]
epoch 3/3:  49%|████▊     | 33956/69887 [39:55<29:06, 20.57it/s]
epoch 3/3:  49%|████▊     | 33959/69887 [39:55<29:05, 20.59it/s]
epoch 3/3:  49%|████▊     | 33962/69887 [39:56<29:03, 20.60it/s]
epoch 3/3:  49%|████▊     | 33965/69887 [39:56<29:02, 20.62it/s]
epoch 3/3:  49%|████▊     | 33968/69887 [39:56<29:03, 20.61it/s]
epoch 3/3:  49%|████▊     | 33971/69887 [39:56<29:20, 20.40it/s]
epoch 3/3:  49%|████▊     | 33974/69887 [39:56<29:16, 20.45it/s]
epoch 3/3:  49%|████▊     | 33977/69887 [39:56<29:18, 20.42it/s]
epoch 3/3:  49%|████▊     | 33980/69887 [39:56<29:13, 20.48it/s]
epoch 3/3:  49%|████▊     | 33983/69887 [39:57<29:10, 20.51it/s]
epoch 3/3:  49%|████▊     | 33986/69887 [39:57<29:11, 20.50it/s]
epoch 3/3:  49%|████▊     | 33989/69887 [39:57<30:09, 19.83it/s]
epoch 3/3:  49%|████▊     | 33992/69887 [39:57<29:57, 19.96it/s]
epoch 3/3:  49%|████▊     | 33995/69887 [39:57<29:47, 20.08it/s]
epoch 3/3:  49%|████▊     | 33998/69887 [39:57<29:35, 20.22it/s]
epoch 3/3:  49%|████▊     | 34001/69887 [39:58<29:30, 20.27it/s]
epoch 3/3:  49%|████▊     | 34004/69887 [39:58<29:23, 20.34it/s]
epoch 3/3:  49%|████▊     | 34007/69887 [39:58<29:21, 20.37it/s]
epoch 3/3:  49%|████▊     | 34010/69887 [39:58<29:19, 20.39it/s]
epoch 3/3:  49%|████▊     | 34013/69887 [39:58<29:16, 20.42it/s]
epoch 3/3:  49%|████▊     | 34016/69887 [39:58<29:14, 20.45it/s]
epoch 3/3:  49%|████▊     | 34019/69887 [39:58<29:15, 20.43it/s]
epoch 3/3:  49%|████▊     | 34022/69887 [39:59<29:22, 20.35it/s]
epoch 3/3:  49%|████▊     | 34025/69887 [39:59<29:17, 20.40it/s]  [checkpoint] step 173800 -> lcm_models/lcm_blt_mt_fraction0.8_s42_last.pth

epoch 3/3:  49%|████▊     | 34028/69887 [40:10<11:42:02,  1.17s/it]
epoch 3/3:  49%|████▊     | 34031/69887 [40:10<8:20:10,  1.19it/s] 
epoch 3/3:  49%|████▊     | 34034/69887 [40:10<5:58:51,  1.67it/s]
epoch 3/3:  49%|████▊     | 34037/69887 [40:11<4:19:58,  2.30it/s]
epoch 3/3:  49%|████▊     | 34040/69887 [40:11<3:10:46,  3.13it/s]
epoch 3/3:  49%|████▊     | 34043/69887 [40:11<2:22:21,  4.20it/s]
epoch 3/3:  49%|████▊     | 34046/69887 [40:11<1:48:24,  5.51it/s]
epoch 3/3:  49%|████▊     | 34049/69887 [40:11<1:24:42,  7.05it/s]
epoch 3/3:  49%|████▊     | 34052/69887 [40:11<1:08:02,  8.78it/s]
epoch 3/3:  49%|████▊     | 34055/69887 [40:11<56:23, 10.59it/s]  
epoch 3/3:  49%|████▊     | 34058/69887 [40:12<48:12, 12.39it/s]
epoch 3/3:  49%|████▊     | 34061/69887 [40:12<42:27, 14.06it/s]
epoch 3/3:  49%|████▊     | 34064/69887 [40:12<38:26, 15.53it/s]
epoch 3/3:  49%|████▊     | 34067/69887 [40:12<35:40, 16.73it/s]
epoch 3/3:  49%|████▉     | 34070/69887 [40:12<33:40, 17.72it/s]
epoch 3/3:  49%|████▉     | 34073/69887 [40:12<32:20, 18.45it/s]
epoch 3/3:  49%|████▉     | 34076/69887 [40:12<31:26, 18.98it/s]
epoch 3/3:  49%|████▉     | 34079/69887 [40:13<31:02, 19.22it/s]
epoch 3/3:  49%|████▉     | 34082/69887 [40:13<30:35, 19.51it/s]
epoch 3/3:  49%|████▉     | 34085/69887 [40:13<30:12, 19.75it/s]
epoch 3/3:  49%|████▉     | 34088/69887 [40:13<29:55, 19.94it/s]
epoch 3/3:  49%|████▉     | 34091/69887 [40:13<29:42, 20.08it/s]
epoch 3/3:  49%|████▉     | 34094/69887 [40:13<29:31, 20.21it/s]
epoch 3/3:  49%|████▉     | 34097/69887 [40:13<29:23, 20.29it/s]
epoch 3/3:  49%|████▉     | 34100/69887 [40:14<29:17, 20.37it/s]
epoch 3/3:  49%|████▉     | 34103/69887 [40:14<29:43, 20.06it/s]
epoch 3/3:  49%|████▉     | 34106/69887 [40:14<29:46, 20.03it/s]
epoch 3/3:  49%|████▉     | 34109/69887 [40:14<29:34, 20.17it/s]
epoch 3/3:  49%|████▉     | 34112/69887 [40:14<29:28, 20.23it/s]
epoch 3/3:  49%|████▉     | 34115/69887 [40:14<29:25, 20.27it/s]
epoch 3/3:  49%|████▉     | 34118/69887 [40:15<29:21, 20.31it/s]
epoch 3/3:  49%|████▉     | 34121/69887 [40:15<29:25, 20.26it/s]
epoch 3/3:  49%|████▉     | 34124/69887 [40:15<29:23, 20.28it/s]
epoch 3/3:  49%|████▉     | 34127/69887 [40:15<29:21, 20.30it/s]
epoch 3/3:  49%|████▉     | 34130/69887 [40:15<29:15, 20.37it/s]
epoch 3/3:  49%|████▉     | 34133/69887 [40:15<29:12, 20.40it/s]
epoch 3/3:  49%|████▉     | 34136/69887 [40:15<29:11, 20.42it/s]
epoch 3/3:  49%|████▉     | 34139/69887 [40:16<29:14, 20.38it/s]
epoch 3/3:  49%|████▉     | 34142/69887 [40:16<29:17, 20.34it/s]
epoch 3/3:  49%|████▉     | 34145/69887 [40:16<29:47, 20.00it/s]
epoch 3/3:  49%|████▉     | 34148/69887 [40:16<29:49, 19.97it/s]
epoch 3/3:  49%|████▉     | 34150/69887 [40:16<29:57, 19.88it/s]
epoch 3/3:  49%|████▉     | 34152/69887 [40:16<30:09, 19.75it/s]
epoch 3/3:  49%|████▉     | 34154/69887 [40:16<30:24, 19.59it/s]
epoch 3/3:  49%|████▉     | 34156/69887 [40:16<30:24, 19.58it/s]
epoch 3/3:  49%|████▉     | 34158/69887 [40:17<30:22, 19.60it/s]
epoch 3/3:  49%|████▉     | 34160/69887 [40:17<30:16, 19.67it/s]
epoch 3/3:  49%|████▉     | 34163/69887 [40:17<29:58, 19.87it/s]
epoch 3/3:  49%|████▉     | 34166/69887 [40:17<29:51, 19.93it/s]
epoch 3/3:  49%|████▉     | 34169/69887 [40:17<29:46, 19.99it/s]
epoch 3/3:  49%|████▉     | 34172/69887 [40:17<29:38, 20.09it/s]
epoch 3/3:  49%|████▉     | 34175/69887 [40:17<29:40, 20.06it/s]
epoch 3/3:  49%|████▉     | 34178/69887 [40:18<29:42, 20.03it/s]
epoch 3/3:  49%|████▉     | 34181/69887 [40:18<29:38, 20.08it/s]
epoch 3/3:  49%|████▉     | 34184/69887 [40:18<29:33, 20.13it/s]
epoch 3/3:  49%|████▉     | 34187/69887 [40:18<29:26, 20.21it/s]
epoch 3/3:  49%|████▉     | 34190/69887 [40:18<29:23, 20.25it/s]
epoch 3/3:  49%|████▉     | 34193/69887 [40:18<29:29, 20.17it/s]
epoch 3/3:  49%|████▉     | 34196/69887 [40:18<29:33, 20.12it/s]
epoch 3/3:  49%|████▉     | 34199/69887 [40:19<29:27, 20.19it/s]
epoch 3/3:  49%|████▉     | 34202/69887 [40:19<29:20, 20.27it/s]
epoch 3/3:  49%|████▉     | 34205/69887 [40:19<29:27, 20.19it/s]
epoch 3/3:  49%|████▉     | 34208/69887 [40:19<29:24, 20.22it/s]
epoch 3/3:  49%|████▉     | 34211/69887 [40:19<29:29, 20.16it/s]
epoch 3/3:  49%|████▉     | 34214/69887 [40:19<29:24, 20.22it/s]
epoch 3/3:  49%|████▉     | 34217/69887 [40:19<29:25, 20.20it/s]
epoch 3/3:  49%|████▉     | 34220/69887 [40:20<29:20, 20.26it/s]
epoch 3/3:  49%|████▉     | 34223/69887 [40:20<29:15, 20.31it/s]
epoch 3/3:  49%|████▉     | 34223/69887 [40:30<29:15, 20.31it/s]  [checkpoint] step 174000 -> lcm_models/lcm_blt_mt_fraction0.8_s42_last.pth

epoch 3/3:  49%|████▉     | 34226/69887 [40:31<11:17:18,  1.14s/it]
epoch 3/3:  49%|████▉     | 34228/69887 [40:31<8:53:23,  1.11it/s] 
epoch 3/3:  49%|████▉     | 34231/69887 [40:31<6:10:38,  1.60it/s]
epoch 3/3:  49%|████▉     | 34234/69887 [40:31<4:22:49,  2.26it/s]
epoch 3/3:  49%|████▉     | 34237/69887 [40:31<3:10:08,  3.12it/s]
epoch 3/3:  49%|████▉     | 34240/69887 [40:31<2:20:34,  4.23it/s]
epoch 3/3:  49%|████▉     | 34243/69887 [40:32<1:46:30,  5.58it/s]
epoch 3/3:  49%|████▉     | 34246/69887 [40:32<1:22:55,  7.16it/s]
epoch 3/3:  49%|████▉     | 34249/69887 [40:32<1:06:33,  8.92it/s]
epoch 3/3:  49%|████▉     | 34252/69887 [40:32<55:11, 10.76it/s]  
epoch 3/3:  49%|████▉     | 34255/69887 [40:32<47:21, 12.54it/s]
epoch 3/3:  49%|████▉     | 34258/69887 [40:32<41:51, 14.19it/s]
epoch 3/3:  49%|████▉     | 34261/69887 [40:32<37:59, 15.63it/s]
epoch 3/3:  49%|████▉     | 34264/69887 [40:33<35:19, 16.81it/s]
epoch 3/3:  49%|████▉     | 34267/69887 [40:33<33:26, 17.75it/s]
epoch 3/3:  49%|████▉     | 34270/69887 [40:33<32:08, 18.47it/s]
epoch 3/3:  49%|████▉     | 34273/69887 [40:33<31:09, 19.05it/s]
epoch 3/3:  49%|████▉     | 34276/69887 [40:33<30:29, 19.46it/s]
epoch 3/3:  49%|████▉     | 34279/69887 [40:33<30:00, 19.78it/s]
epoch 3/3:  49%|████▉     | 34282/69887 [40:34<29:40, 20.00it/s]
epoch 3/3:  49%|████▉     | 34285/69887 [40:34<29:25, 20.16it/s]
epoch 3/3:  49%|████▉     | 34288/69887 [40:34<29:14, 20.29it/s]
epoch 3/3:  49%|████▉     | 34291/69887 [40:34<29:07, 20.37it/s]
epoch 3/3:  49%|████▉     | 34294/69887 [40:34<29:05, 20.39it/s]
epoch 3/3:  49%|████▉     | 34297/69887 [40:34<29:01, 20.44it/s]
epoch 3/3:  49%|████▉     | 34300/69887 [40:34<28:57, 20.48it/s]
epoch 3/3:  49%|████▉     | 34303/69887 [40:35<28:53, 20.53it/s]
epoch 3/3:  49%|████▉     | 34306/69887 [40:35<28:52, 20.53it/s]
epoch 3/3:  49%|████▉     | 34309/69887 [40:35<28:50, 20.56it/s]
epoch 3/3:  49%|████▉     | 34312/69887 [40:35<28:49, 20.57it/s]
epoch 3/3:  49%|████▉     | 34315/69887 [40:35<28:50, 20.56it/s]
epoch 3/3:  49%|████▉     | 34318/69887 [40:35<28:53, 20.51it/s]
epoch 3/3:  49%|████▉     | 34321/69887 [40:35<28:52, 20.52it/s]
epoch 3/3:  49%|████▉     | 34324/69887 [40:36<28:54, 20.50it/s]
epoch 3/3:  49%|████▉     | 34327/69887 [40:36<28:55, 20.49it/s]
epoch 3/3:  49%|████▉     | 34330/69887 [40:36<28:54, 20.50it/s]
epoch 3/3:  49%|████▉     | 34333/69887 [40:36<29:05, 20.36it/s]
epoch 3/3:  49%|████▉     | 34336/69887 [40:36<29:03, 20.39it/s]
epoch 3/3:  49%|████▉     | 34339/69887 [40:36<29:01, 20.42it/s]
epoch 3/3:  49%|████▉     | 34342/69887 [40:36<28:58, 20.45it/s]
epoch 3/3:  49%|████▉     | 34345/69887 [40:37<28:56, 20.47it/s]
epoch 3/3:  49%|████▉     | 34348/69887 [40:37<28:55, 20.48it/s]
epoch 3/3:  49%|████▉     | 34351/69887 [40:37<28:55, 20.47it/s]
epoch 3/3:  49%|████▉     | 34354/69887 [40:37<28:55, 20.48it/s]
epoch 3/3:  49%|████▉     | 34357/69887 [40:37<28:56, 20.47it/s]
epoch 3/3:  49%|████▉     | 34360/69887 [40:37<28:54, 20.48it/s]
epoch 3/3:  49%|████▉     | 34363/69887 [40:37<28:56, 20.46it/s]
epoch 3/3:  49%|████▉     | 34366/69887 [40:38<28:54, 20.48it/s]
epoch 3/3:  49%|████▉     | 34369/69887 [40:38<28:55, 20.46it/s]
epoch 3/3:  49%|████▉     | 34372/69887 [40:38<28:56, 20.45it/s]
epoch 3/3:  49%|████▉     | 34375/69887 [40:38<28:58, 20.42it/s]
epoch 3/3:  49%|████▉     | 34378/69887 [40:38<28:58, 20.43it/s]
epoch 3/3:  49%|████▉     | 34381/69887 [40:38<28:55, 20.46it/s]
epoch 3/3:  49%|████▉     | 34384/69887 [40:38<28:55, 20.46it/s]
epoch 3/3:  49%|████▉     | 34387/69887 [40:39<28:56, 20.44it/s]
epoch 3/3:  49%|████▉     | 34390/69887 [40:39<29:04, 20.35it/s]
epoch 3/3:  49%|████▉     | 34393/69887 [40:39<29:06, 20.33it/s]
epoch 3/3:  49%|████▉     | 34396/69887 [40:39<29:03, 20.35it/s]
epoch 3/3:  49%|████▉     | 34399/69887 [40:39<29:07, 20.31it/s]
epoch 3/3:  49%|████▉     | 34402/69887 [40:39<29:03, 20.35it/s]
epoch 3/3:  49%|████▉     | 34405/69887 [40:40<29:02, 20.37it/s]
epoch 3/3:  49%|████▉     | 34408/69887 [40:40<28:58, 20.40it/s]
epoch 3/3:  49%|████▉     | 34411/69887 [40:40<28:56, 20.43it/s]
epoch 3/3:  49%|████▉     | 34414/69887 [40:40<28:54, 20.45it/s]
epoch 3/3:  49%|████▉     | 34417/69887 [40:40<28:53, 20.46it/s]
epoch 3/3:  49%|████▉     | 34420/69887 [40:40<28:55, 20.44it/s]
epoch 3/3:  49%|████▉     | 34423/69887 [40:40<28:54, 20.44it/s]  [checkpoint] step 174200 -> lcm_models/lcm_blt_mt_fraction0.8_s42_last.pth

epoch 3/3:  49%|████▉     | 34426/69887 [40:52<12:06:26,  1.23s/it]
epoch 3/3:  49%|████▉     | 34428/69887 [40:52<9:31:34,  1.03it/s] 
epoch 3/3:  49%|████▉     | 34431/69887 [40:53<6:36:29,  1.49it/s]
epoch 3/3:  49%|████▉     | 34434/69887 [40:53<4:40:29,  2.11it/s]
epoch 3/3:  49%|████▉     | 34437/69887 [40:53<3:22:17,  2.92it/s]
epoch 3/3:  49%|████▉     | 34440/69887 [40:53<2:29:05,  3.96it/s]
epoch 3/3:  49%|████▉     | 34443/69887 [40:53<1:52:25,  5.25it/s]
epoch 3/3:  49%|████▉     | 34446/69887 [40:53<1:27:01,  6.79it/s]
epoch 3/3:  49%|████▉     | 34449/69887 [40:53<1:09:22,  8.51it/s]
epoch 3/3:  49%|████▉     | 34452/69887 [40:54<57:14, 10.32it/s]  
epoch 3/3:  49%|████▉     | 34455/69887 [40:54<48:42, 12.12it/s]
epoch 3/3:  49%|████▉     | 34458/69887 [40:54<42:46, 13.81it/s]
epoch 3/3:  49%|████▉     | 34461/69887 [40:54<38:38, 15.28it/s]
epoch 3/3:  49%|████▉     | 34464/69887 [40:54<35:43, 16.53it/s]
epoch 3/3:  49%|████▉     | 34467/69887 [40:54<33:47, 17.47it/s]
epoch 3/3:  49%|████▉     | 34470/69887 [40:55<32:18, 18.27it/s]
epoch 3/3:  49%|████▉     | 34473/69887 [40:55<31:14, 18.89it/s]
epoch 3/3:  49%|████▉     | 34476/69887 [40:55<30:32, 19.33it/s]
epoch 3/3:  49%|████▉     | 34479/69887 [40:55<30:07, 19.59it/s]
epoch 3/3:  49%|████▉     | 34482/69887 [40:55<29:45, 19.83it/s]
epoch 3/3:  49%|████▉     | 34485/69887 [40:55<29:28, 20.02it/s]
epoch 3/3:  49%|████▉     | 34488/69887 [40:55<29:15, 20.16it/s]
epoch 3/3:  49%|████▉     | 34491/69887 [40:56<29:06, 20.27it/s]
epoch 3/3:  49%|████▉     | 34494/69887 [40:56<29:01, 20.33it/s]
epoch 3/3:  49%|████▉     | 34497/69887 [40:56<28:56, 20.38it/s]
epoch 3/3:  49%|████▉     | 34500/69887 [40:56<28:53, 20.41it/s]
epoch 3/3:  49%|████▉     | 34503/69887 [40:56<28:50, 20.45it/s]
epoch 3/3:  49%|████▉     | 34506/69887 [40:56<28:48, 20.47it/s]
epoch 3/3:  49%|████▉     | 34509/69887 [40:56<28:47, 20.48it/s]
epoch 3/3:  49%|████▉     | 34512/69887 [40:57<28:45, 20.50it/s]
epoch 3/3:  49%|████▉     | 34515/69887 [40:57<28:46, 20.49it/s]
epoch 3/3:  49%|████▉     | 34518/69887 [40:57<28:52, 20.41it/s]
epoch 3/3:  49%|████▉     | 34521/69887 [40:57<28:52, 20.41it/s]
epoch 3/3:  49%|████▉     | 34524/69887 [40:57<28:54, 20.39it/s]
epoch 3/3:  49%|████▉     | 34527/69887 [40:57<28:51, 20.42it/s]
epoch 3/3:  49%|████▉     | 34530/69887 [40:57<28:53, 20.39it/s]
epoch 3/3:  49%|████▉     | 34533/69887 [40:58<28:52, 20.41it/s]
epoch 3/3:  49%|████▉     | 34536/69887 [40:58<28:48, 20.45it/s]
epoch 3/3:  49%|████▉     | 34539/69887 [40:58<28:44, 20.50it/s]
epoch 3/3:  49%|████▉     | 34542/69887 [40:58<28:42, 20.53it/s]
epoch 3/3:  49%|████▉     | 34545/69887 [40:58<28:41, 20.52it/s]
epoch 3/3:  49%|████▉     | 34548/69887 [40:58<28:46, 20.47it/s]
epoch 3/3:  49%|████▉     | 34551/69887 [40:58<28:44, 20.49it/s]
epoch 3/3:  49%|████▉     | 34554/69887 [40:59<28:46, 20.47it/s]
epoch 3/3:  49%|████▉     | 34557/69887 [40:59<28:44, 20.48it/s]
epoch 3/3:  49%|████▉     | 34560/69887 [40:59<28:43, 20.49it/s]
epoch 3/3:  49%|████▉     | 34563/69887 [40:59<28:41, 20.51it/s]
epoch 3/3:  49%|████▉     | 34566/69887 [40:59<28:42, 20.51it/s]
epoch 3/3:  49%|████▉     | 34569/69887 [40:59<28:41, 20.51it/s]
epoch 3/3:  49%|████▉     | 34572/69887 [41:00<28:42, 20.50it/s]
epoch 3/3:  49%|████▉     | 34575/69887 [41:00<28:41, 20.51it/s]
epoch 3/3:  49%|████▉     | 34578/69887 [41:00<28:41, 20.51it/s]
epoch 3/3:  49%|████▉     | 34581/69887 [41:00<28:40, 20.52it/s]
epoch 3/3:  49%|████▉     | 34584/69887 [41:00<28:39, 20.53it/s]
epoch 3/3:  49%|████▉     | 34587/69887 [41:00<28:42, 20.50it/s]
epoch 3/3:  49%|████▉     | 34590/69887 [41:00<28:42, 20.50it/s]
epoch 3/3:  49%|████▉     | 34593/69887 [41:01<28:39, 20.52it/s]
epoch 3/3:  50%|████▉     | 34596/69887 [41:01<28:38, 20.54it/s]
epoch 3/3:  50%|████▉     | 34599/69887 [41:01<28:37, 20.55it/s]
epoch 3/3:  50%|████▉     | 34602/69887 [41:01<28:37, 20.55it/s]
epoch 3/3:  50%|████▉     | 34605/69887 [41:01<28:39, 20.51it/s]
epoch 3/3:  50%|████▉     | 34608/69887 [41:01<28:40, 20.50it/s]
epoch 3/3:  50%|████▉     | 34611/69887 [41:01<28:41, 20.49it/s]
epoch 3/3:  50%|████▉     | 34614/69887 [41:02<28:45, 20.44it/s]
epoch 3/3:  50%|████▉     | 34617/69887 [41:02<28:45, 20.44it/s]
epoch 3/3:  50%|████▉     | 34620/69887 [41:02<28:45, 20.44it/s]
epoch 3/3:  50%|████▉     | 34623/69887 [41:02<28:45, 20.43it/s]  [checkpoint] step 174400 -> lcm_models/lcm_blt_mt_fraction0.8_s42_last.pth

epoch 3/3:  50%|████▉     | 34626/69887 [41:13<11:10:33,  1.14s/it]
epoch 3/3:  50%|████▉     | 34628/69887 [41:13<8:48:05,  1.11it/s] 
epoch 3/3:  50%|████▉     | 34631/69887 [41:13<6:07:00,  1.60it/s]
epoch 3/3:  50%|████▉     | 34634/69887 [41:13<4:20:14,  2.26it/s]
epoch 3/3:  50%|████▉     | 34637/69887 [41:14<3:08:14,  3.12it/s]
epoch 3/3:  50%|████▉     | 34640/69887 [41:14<2:19:11,  4.22it/s]
epoch 3/3:  50%|████▉     | 34643/69887 [41:14<1:45:27,  5.57it/s]
epoch 3/3:  50%|████▉     | 34646/69887 [41:14<1:22:08,  7.15it/s]
epoch 3/3:  50%|████▉     | 34649/69887 [41:14<1:05:59,  8.90it/s]
epoch 3/3:  50%|████▉     | 34652/69887 [41:14<54:46, 10.72it/s]  
epoch 3/3:  50%|████▉     | 34655/69887 [41:14<46:54, 12.52it/s]
epoch 3/3:  50%|████▉     | 34658/69887 [41:15<41:25, 14.18it/s]
epoch 3/3:  50%|████▉     | 34661/69887 [41:15<37:33, 15.63it/s]
epoch 3/3:  50%|████▉     | 34664/69887 [41:15<34:52, 16.84it/s]
epoch 3/3:  50%|████▉     | 34667/69887 [41:15<33:05, 17.74it/s]
epoch 3/3:  50%|████▉     | 34670/69887 [41:15<31:57, 18.37it/s]
epoch 3/3:  50%|████▉     | 34673/69887 [41:15<31:13, 18.79it/s]
epoch 3/3:  50%|████▉     | 34676/69887 [41:16<31:05, 18.88it/s]
epoch 3/3:  50%|████▉     | 34678/69887 [41:16<30:52, 19.00it/s]
epoch 3/3:  50%|████▉     | 34680/69887 [41:16<30:58, 18.94it/s]
epoch 3/3:  50%|████▉     | 34682/69887 [41:16<31:01, 18.91it/s]
epoch 3/3:  50%|████▉     | 34684/69887 [41:16<30:34, 19.19it/s]
epoch 3/3:  50%|████▉     | 34687/69887 [41:16<30:02, 19.53it/s]
epoch 3/3:  50%|████▉     | 34690/69887 [41:16<29:39, 19.78it/s]
epoch 3/3:  50%|████▉     | 34693/69887 [41:16<29:18, 20.02it/s]
epoch 3/3:  50%|████▉     | 34696/69887 [41:17<29:04, 20.17it/s]
epoch 3/3:  50%|████▉     | 34699/69887 [41:17<28:54, 20.29it/s]
epoch 3/3:  50%|████▉     | 34702/69887 [41:17<28:51, 20.32it/s]
epoch 3/3:  50%|████▉     | 34705/69887 [41:17<28:48, 20.35it/s]
epoch 3/3:  50%|████▉     | 34708/69887 [41:17<28:45, 20.39it/s]
epoch 3/3:  50%|████▉     | 34711/69887 [41:17<28:46, 20.38it/s]
epoch 3/3:  50%|████▉     | 34714/69887 [41:17<28:46, 20.38it/s]
epoch 3/3:  50%|████▉     | 34717/69887 [41:18<28:43, 20.41it/s]
epoch 3/3:  50%|████▉     | 34720/69887 [41:18<28:41, 20.43it/s]
epoch 3/3:  50%|████▉     | 34723/69887 [41:18<28:40, 20.44it/s]
epoch 3/3:  50%|████▉     | 34726/69887 [41:18<28:38, 20.46it/s]
epoch 3/3:  50%|████▉     | 34729/69887 [41:18<28:41, 20.42it/s]
epoch 3/3:  50%|████▉     | 34732/69887 [41:18<28:42, 20.41it/s]
epoch 3/3:  50%|████▉     | 34735/69887 [41:18<28:44, 20.38it/s]
epoch 3/3:  50%|████▉     | 34738/69887 [41:19<28:43, 20.40it/s]
epoch 3/3:  50%|████▉     | 34741/69887 [41:19<28:39, 20.44it/s]
epoch 3/3:  50%|████▉     | 34744/69887 [41:19<28:35, 20.49it/s]
epoch 3/3:  50%|████▉     | 34747/69887 [41:19<28:35, 20.49it/s]
epoch 3/3:  50%|████▉     | 34750/69887 [41:19<28:35, 20.49it/s]
epoch 3/3:  50%|████▉     | 34753/69887 [41:19<28:33, 20.51it/s]
epoch 3/3:  50%|████▉     | 34756/69887 [41:19<28:33, 20.50it/s]
epoch 3/3:  50%|████▉     | 34759/69887 [41:20<28:32, 20.51it/s]
epoch 3/3:  50%|████▉     | 34762/69887 [41:20<28:32, 20.52it/s]
epoch 3/3:  50%|████▉     | 34765/69887 [41:20<28:31, 20.52it/s]
epoch 3/3:  50%|████▉     | 34768/69887 [41:20<28:30, 20.53it/s]
epoch 3/3:  50%|████▉     | 34771/69887 [41:20<28:31, 20.52it/s]
epoch 3/3:  50%|████▉     | 34774/69887 [41:20<28:31, 20.51it/s]
epoch 3/3:  50%|████▉     | 34777/69887 [41:20<28:32, 20.51it/s]
epoch 3/3:  50%|████▉     | 34780/69887 [41:21<28:32, 20.50it/s]
epoch 3/3:  50%|████▉     | 34783/69887 [41:21<28:30, 20.52it/s]
epoch 3/3:  50%|████▉     | 34786/69887 [41:21<28:30, 20.52it/s]
epoch 3/3:  50%|████▉     | 34789/69887 [41:21<28:31, 20.50it/s]
epoch 3/3:  50%|████▉     | 34792/69887 [41:21<28:31, 20.51it/s]
epoch 3/3:  50%|████▉     | 34795/69887 [41:21<28:32, 20.49it/s]
epoch 3/3:  50%|████▉     | 34798/69887 [41:22<28:32, 20.49it/s]
epoch 3/3:  50%|████▉     | 34801/69887 [41:22<28:30, 20.51it/s]
epoch 3/3:  50%|████▉     | 34804/69887 [41:22<28:35, 20.45it/s]
epoch 3/3:  50%|████▉     | 34807/69887 [41:22<28:35, 20.45it/s]
epoch 3/3:  50%|████▉     | 34810/69887 [41:22<28:34, 20.46it/s]
epoch 3/3:  50%|████▉     | 34813/69887 [41:22<28:32, 20.48it/s]
epoch 3/3:  50%|████▉     | 34816/69887 [41:22<28:32, 20.48it/s]
epoch 3/3:  50%|████▉     | 34819/69887 [41:23<28:31, 20.49it/s]
epoch 3/3:  50%|████▉     | 34822/69887 [41:23<28:31, 20.49it/s]
epoch 3/3:  50%|████▉     | 34825/69887 [41:23<28:29, 20.51it/s]  [checkpoint] step 174600 -> lcm_models/lcm_blt_mt_fraction0.8_s42_last.pth

epoch 3/3:  50%|████▉     | 34828/69887 [41:34<11:03:48,  1.14s/it]
epoch 3/3:  50%|████▉     | 34831/69887 [41:34<7:53:18,  1.23it/s] 
epoch 3/3:  50%|████▉     | 34834/69887 [41:34<5:39:52,  1.72it/s]
epoch 3/3:  50%|████▉     | 34837/69887 [41:34<4:06:25,  2.37it/s]
epoch 3/3:  50%|████▉     | 34840/69887 [41:34<3:01:02,  3.23it/s]
epoch 3/3:  50%|████▉     | 34843/69887 [41:35<2:15:15,  4.32it/s]
epoch 3/3:  50%|████▉     | 34846/69887 [41:35<1:43:11,  5.66it/s]
epoch 3/3:  50%|████▉     | 34849/69887 [41:35<1:20:45,  7.23it/s]
epoch 3/3:  50%|████▉     | 34852/69887 [41:35<1:05:03,  8.98it/s]
epoch 3/3:  50%|████▉     | 34855/69887 [41:35<54:04, 10.80it/s]  
epoch 3/3:  50%|████▉     | 34858/69887 [41:35<46:23, 12.58it/s]
epoch 3/3:  50%|████▉     | 34861/69887 [41:35<41:01, 14.23it/s]
epoch 3/3:  50%|████▉     | 34864/69887 [41:36<37:15, 15.67it/s]
epoch 3/3:  50%|████▉     | 34867/69887 [41:36<34:37, 16.86it/s]
epoch 3/3:  50%|████▉     | 34870/69887 [41:36<32:48, 17.79it/s]
epoch 3/3:  50%|████▉     | 34873/69887 [41:36<31:31, 18.51it/s]
epoch 3/3:  50%|████▉     | 34876/69887 [41:36<30:46, 18.96it/s]
epoch 3/3:  50%|████▉     | 34879/69887 [41:36<30:08, 19.35it/s]
epoch 3/3:  50%|████▉     | 34882/69887 [41:36<29:40, 19.66it/s]
epoch 3/3:  50%|████▉     | 34885/69887 [41:37<29:17, 19.92it/s]
epoch 3/3:  50%|████▉     | 34888/69887 [41:37<29:14, 19.95it/s]
epoch 3/3:  50%|████▉     | 34891/69887 [41:37<29:03, 20.07it/s]
epoch 3/3:  50%|████▉     | 34894/69887 [41:37<29:03, 20.07it/s]
epoch 3/3:  50%|████▉     | 34897/69887 [41:37<29:03, 20.06it/s]
epoch 3/3:  50%|████▉     | 34900/69887 [41:37<28:59, 20.11it/s]
epoch 3/3:  50%|████▉     | 34903/69887 [41:38<28:54, 20.17it/s]
epoch 3/3:  50%|████▉     | 34906/69887 [41:38<28:45, 20.27it/s]
epoch 3/3:  50%|████▉     | 34909/69887 [41:38<28:41, 20.32it/s]
epoch 3/3:  50%|████▉     | 34912/69887 [41:38<28:44, 20.28it/s]
epoch 3/3:  50%|████▉     | 34915/69887 [41:38<28:49, 20.22it/s]
epoch 3/3:  50%|████▉     | 34918/69887 [41:38<28:48, 20.23it/s]
epoch 3/3:  50%|████▉     | 34921/69887 [41:38<28:43, 20.28it/s]
epoch 3/3:  50%|████▉     | 34924/69887 [41:39<28:41, 20.32it/s]
epoch 3/3:  50%|████▉     | 34927/69887 [41:39<28:36, 20.37it/s]
epoch 3/3:  50%|████▉     | 34930/69887 [41:39<28:37, 20.35it/s]
epoch 3/3:  50%|████▉     | 34933/69887 [41:39<28:36, 20.36it/s]
epoch 3/3:  50%|████▉     | 34936/69887 [41:39<28:34, 20.38it/s]
epoch 3/3:  50%|████▉     | 34939/69887 [41:39<28:33, 20.40it/s]
epoch 3/3:  50%|████▉     | 34942/69887 [41:39<28:31, 20.42it/s]
epoch 3/3:  50%|█████     | 34945/69887 [41:40<28:28, 20.45it/s]
epoch 3/3:  50%|█████     | 34948/69887 [41:40<28:26, 20.48it/s]
epoch 3/3:  50%|█████     | 34951/69887 [41:40<28:24, 20.49it/s]
epoch 3/3:  50%|█████     | 34954/69887 [41:40<28:24, 20.49it/s]
epoch 3/3:  50%|█████     | 34957/69887 [41:40<28:22, 20.52it/s]
epoch 3/3:  50%|█████     | 34960/69887 [41:40<28:27, 20.46it/s]
epoch 3/3:  50%|█████     | 34963/69887 [41:40<28:27, 20.45it/s]
epoch 3/3:  50%|█████     | 34966/69887 [41:41<28:37, 20.33it/s]
epoch 3/3:  50%|█████     | 34969/69887 [41:41<28:39, 20.31it/s]
epoch 3/3:  50%|█████     | 34972/69887 [41:41<28:33, 20.37it/s]
epoch 3/3:  50%|█████     | 34975/69887 [41:41<28:31, 20.40it/s]
epoch 3/3:  50%|█████     | 34978/69887 [41:41<28:28, 20.43it/s]
epoch 3/3:  50%|█████     | 34981/69887 [41:41<28:26, 20.45it/s]
epoch 3/3:  50%|█████     | 34984/69887 [41:41<28:31, 20.39it/s]
epoch 3/3:  50%|█████     | 34987/69887 [41:42<28:34, 20.36it/s]
epoch 3/3:  50%|█████     | 34990/69887 [41:42<28:34, 20.36it/s]
epoch 3/3:  50%|█████     | 34993/69887 [41:42<28:31, 20.39it/s]
epoch 3/3:  50%|█████     | 34996/69887 [41:42<28:27, 20.43it/s]
epoch 3/3:  50%|█████     | 34999/69887 [41:42<29:06, 19.97it/s]
epoch 3/3:  50%|█████     | 35001/69887 [41:42<29:07, 19.97it/s]
epoch 3/3:  50%|█████     | 35004/69887 [41:42<28:56, 20.08it/s]
epoch 3/3:  50%|█████     | 35007/69887 [41:43<28:59, 20.05it/s]
epoch 3/3:  50%|█████     | 35010/69887 [41:43<28:52, 20.13it/s]
epoch 3/3:  50%|█████     | 35013/69887 [41:43<28:51, 20.14it/s]
epoch 3/3:  50%|█████     | 35016/69887 [41:43<28:44, 20.22it/s]
epoch 3/3:  50%|█████     | 35019/69887 [41:43<28:45, 20.21it/s]
epoch 3/3:  50%|█████     | 35022/69887 [41:43<28:44, 20.22it/s]
epoch 3/3:  50%|█████     | 35025/69887 [41:44<28:44, 20.22it/s]  [checkpoint] step 174800 -> lcm_models/lcm_blt_mt_fraction0.8_s42_last.pth

epoch 3/3:  50%|█████     | 35028/69887 [41:55<11:09:49,  1.15s/it]
epoch 3/3:  50%|█████     | 35030/69887 [41:55<8:46:59,  1.10it/s] 
epoch 3/3:  50%|█████     | 35033/69887 [41:55<6:05:48,  1.59it/s]
epoch 3/3:  50%|█████     | 35036/69887 [41:55<4:19:17,  2.24it/s]
epoch 3/3:  50%|█████     | 35039/69887 [41:55<3:07:29,  3.10it/s]
epoch 3/3:  50%|█████     | 35042/69887 [41:55<2:18:39,  4.19it/s]
epoch 3/3:  50%|█████     | 35045/69887 [41:56<1:44:58,  5.53it/s]
epoch 3/3:  50%|█████     | 35048/69887 [41:56<1:21:41,  7.11it/s]
epoch 3/3:  50%|█████     | 35051/69887 [41:56<1:05:29,  8.86it/s]
epoch 3/3:  50%|█████     | 35054/69887 [41:56<54:16, 10.70it/s]  
epoch 3/3:  50%|█████     | 35057/69887 [41:56<46:24, 12.51it/s]
epoch 3/3:  50%|█████     | 35060/69887 [41:56<41:00, 14.16it/s]
epoch 3/3:  50%|█████     | 35063/69887 [41:56<37:12, 15.60it/s]
epoch 3/3:  50%|█████     | 35066/69887 [41:57<34:32, 16.80it/s]
epoch 3/3:  50%|█████     | 35069/69887 [41:57<32:42, 17.74it/s]
epoch 3/3:  50%|█████     | 35072/69887 [41:57<31:30, 18.42it/s]
epoch 3/3:  50%|█████     | 35075/69887 [41:57<30:37, 18.95it/s]
epoch 3/3:  50%|█████     | 35078/69887 [41:57<29:59, 19.34it/s]
epoch 3/3:  50%|█████     | 35081/69887 [41:57<29:37, 19.58it/s]
epoch 3/3:  50%|█████     | 35084/69887 [41:57<29:15, 19.83it/s]
epoch 3/3:  50%|█████     | 35087/69887 [41:58<28:59, 20.00it/s]
epoch 3/3:  50%|█████     | 35090/69887 [41:58<28:48, 20.13it/s]
epoch 3/3:  50%|█████     | 35093/69887 [41:58<28:47, 20.14it/s]
epoch 3/3:  50%|█████     | 35096/69887 [41:58<28:43, 20.19it/s]
epoch 3/3:  50%|█████     | 35099/69887 [41:58<28:42, 20.20it/s]
epoch 3/3:  50%|█████     | 35102/69887 [41:58<28:40, 20.22it/s]
epoch 3/3:  50%|█████     | 35105/69887 [41:58<28:37, 20.25it/s]
epoch 3/3:  50%|█████     | 35108/69887 [41:59<28:37, 20.25it/s]
epoch 3/3:  50%|█████     | 35111/69887 [41:59<28:46, 20.14it/s]
epoch 3/3:  50%|█████     | 35114/69887 [41:59<28:41, 20.20it/s]
epoch 3/3:  50%|█████     | 35117/69887 [41:59<28:43, 20.17it/s]
epoch 3/3:  50%|█████     | 35120/69887 [41:59<28:37, 20.24it/s]
epoch 3/3:  50%|█████     | 35123/69887 [41:59<28:33, 20.29it/s]
epoch 3/3:  50%|█████     | 35126/69887 [41:59<28:27, 20.35it/s]
epoch 3/3:  50%|█████     | 35129/69887 [42:00<28:25, 20.38it/s]
epoch 3/3:  50%|█████     | 35132/69887 [42:00<28:24, 20.39it/s]
epoch 3/3:  50%|█████     | 35135/69887 [42:00<28:25, 20.38it/s]
epoch 3/3:  50%|█████     | 35138/69887 [42:00<28:21, 20.42it/s]
epoch 3/3:  50%|█████     | 35141/69887 [42:00<28:18, 20.46it/s]
epoch 3/3:  50%|█████     | 35144/69887 [42:00<28:18, 20.45it/s]
epoch 3/3:  50%|█████     | 35147/69887 [42:01<28:18, 20.45it/s]
epoch 3/3:  50%|█████     | 35150/69887 [42:01<28:21, 20.42it/s]
epoch 3/3:  50%|█████     | 35153/69887 [42:01<28:19, 20.44it/s]
epoch 3/3:  50%|█████     | 35156/69887 [42:01<28:16, 20.47it/s]
epoch 3/3:  50%|█████     | 35159/69887 [42:01<28:21, 20.41it/s]
epoch 3/3:  50%|█████     | 35162/69887 [42:01<28:28, 20.33it/s]
epoch 3/3:  50%|█████     | 35165/69887 [42:01<28:29, 20.31it/s]
epoch 3/3:  50%|█████     | 35168/69887 [42:02<28:34, 20.25it/s]
epoch 3/3:  50%|█████     | 35171/69887 [42:02<28:26, 20.34it/s]
epoch 3/3:  50%|█████     | 35174/69887 [42:02<28:23, 20.38it/s]
epoch 3/3:  50%|█████     | 35177/69887 [42:02<28:19, 20.42it/s]
epoch 3/3:  50%|█████     | 35180/69887 [42:02<28:26, 20.34it/s]
epoch 3/3:  50%|█████     | 35183/69887 [42:02<28:27, 20.32it/s]
epoch 3/3:  50%|█████     | 35186/69887 [42:02<28:49, 20.06it/s]
epoch 3/3:  50%|█████     | 35189/69887 [42:03<28:41, 20.16it/s]
epoch 3/3:  50%|█████     | 35192/69887 [42:03<28:39, 20.18it/s]
epoch 3/3:  50%|█████     | 35195/69887 [42:03<28:42, 20.15it/s]
epoch 3/3:  50%|█████     | 35198/69887 [42:03<28:44, 20.11it/s]
epoch 3/3:  50%|█████     | 35201/69887 [42:03<28:37, 20.19it/s]
epoch 3/3:  50%|█████     | 35204/69887 [42:03<28:36, 20.21it/s]
epoch 3/3:  50%|█████     | 35207/69887 [42:03<28:31, 20.26it/s]
epoch 3/3:  50%|█████     | 35210/69887 [42:04<28:26, 20.32it/s]
epoch 3/3:  50%|█████     | 35213/69887 [42:04<28:19, 20.40it/s]
epoch 3/3:  50%|█████     | 35216/69887 [42:04<28:18, 20.41it/s]
epoch 3/3:  50%|█████     | 35219/69887 [42:04<28:23, 20.35it/s]
epoch 3/3:  50%|█████     | 35222/69887 [42:04<28:19, 20.40it/s]
epoch 3/3:  50%|█████     | 35225/69887 [42:04<28:13, 20.46it/s]  [checkpoint] step 175000 -> lcm_models/lcm_blt_mt_fraction0.8_s42_last.pth

epoch 3/3:  50%|█████     | 35228/69887 [42:16<11:17:23,  1.17s/it]
epoch 3/3:  50%|█████     | 35231/69887 [42:16<8:02:40,  1.20it/s] 
epoch 3/3:  50%|█████     | 35234/69887 [42:16<5:46:24,  1.67it/s]
epoch 3/3:  50%|█████     | 35237/69887 [42:16<4:10:55,  2.30it/s]
epoch 3/3:  50%|█████     | 35240/69887 [42:16<3:04:09,  3.14it/s]
epoch 3/3:  50%|█████     | 35243/69887 [42:16<2:17:31,  4.20it/s]
epoch 3/3:  50%|█████     | 35246/69887 [42:17<1:44:55,  5.50it/s]
epoch 3/3:  50%|█████     | 35249/69887 [42:17<1:21:54,  7.05it/s]
epoch 3/3:  50%|█████     | 35252/69887 [42:17<1:05:48,  8.77it/s]
epoch 3/3:  50%|█████     | 35255/69887 [42:17<54:35, 10.57it/s]  
epoch 3/3:  50%|█████     | 35258/69887 [42:17<46:48, 12.33it/s]
epoch 3/3:  50%|█████     | 35261/69887 [42:17<41:16, 13.98it/s]
epoch 3/3:  50%|█████     | 35264/69887 [42:18<37:32, 15.37it/s]
epoch 3/3:  50%|█████     | 35267/69887 [42:18<34:55, 16.52it/s]
epoch 3/3:  50%|█████     | 35270/69887 [42:18<33:01, 17.47it/s]
epoch 3/3:  50%|█████     | 35273/69887 [42:18<31:45, 18.17it/s]
epoch 3/3:  50%|█████     | 35276/69887 [42:18<30:55, 18.65it/s]
epoch 3/3:  50%|█████     | 35279/69887 [42:18<30:27, 18.94it/s]
epoch 3/3:  50%|█████     | 35282/69887 [42:18<29:54, 19.28it/s]
epoch 3/3:  50%|█████     | 35284/69887 [42:19<29:40, 19.43it/s]
epoch 3/3:  50%|█████     | 35287/69887 [42:19<29:17, 19.69it/s]
epoch 3/3:  50%|█████     | 35290/69887 [42:19<29:02, 19.86it/s]
epoch 3/3:  51%|█████     | 35293/69887 [42:19<29:00, 19.87it/s]
epoch 3/3:  51%|█████     | 35296/69887 [42:19<28:54, 19.94it/s]
epoch 3/3:  51%|█████     | 35299/69887 [42:19<28:50, 19.99it/s]
epoch 3/3:  51%|█████     | 35302/69887 [42:19<28:42, 20.08it/s]
epoch 3/3:  51%|█████     | 35305/69887 [42:20<28:36, 20.14it/s]
epoch 3/3:  51%|█████     | 35308/69887 [42:20<28:40, 20.10it/s]
epoch 3/3:  51%|█████     | 35311/69887 [42:20<28:39, 20.11it/s]
epoch 3/3:  51%|█████     | 35314/69887 [42:20<28:35, 20.15it/s]
epoch 3/3:  51%|█████     | 35317/69887 [42:20<28:44, 20.04it/s]
epoch 3/3:  51%|█████     | 35320/69887 [42:20<28:48, 19.99it/s]
epoch 3/3:  51%|█████     | 35323/69887 [42:20<28:53, 19.94it/s]
epoch 3/3:  51%|█████     | 35325/69887 [42:21<28:52, 19.95it/s]
epoch 3/3:  51%|█████     | 35328/69887 [42:21<28:49, 19.98it/s]
epoch 3/3:  51%|█████     | 35331/69887 [42:21<28:54, 19.92it/s]
epoch 3/3:  51%|█████     | 35333/69887 [42:21<29:02, 19.83it/s]
epoch 3/3:  51%|█████     | 35336/69887 [42:21<28:53, 19.93it/s]
epoch 3/3:  51%|█████     | 35338/69887 [42:21<28:55, 19.91it/s]
epoch 3/3:  51%|█████     | 35340/69887 [42:21<28:54, 19.92it/s]
epoch 3/3:  51%|█████     | 35343/69887 [42:21<28:41, 20.06it/s]
epoch 3/3:  51%|█████     | 35346/69887 [42:22<28:47, 20.00it/s]
epoch 3/3:  51%|█████     | 35348/69887 [42:22<28:49, 19.97it/s]
epoch 3/3:  51%|█████     | 35351/69887 [42:22<28:46, 20.00it/s]
epoch 3/3:  51%|█████     | 35354/69887 [42:22<28:40, 20.07it/s]
epoch 3/3:  51%|█████     | 35357/69887 [42:22<28:35, 20.13it/s]
epoch 3/3:  51%|█████     | 35360/69887 [42:22<28:30, 20.19it/s]
epoch 3/3:  51%|█████     | 35363/69887 [42:22<28:24, 20.25it/s]
epoch 3/3:  51%|█████     | 35366/69887 [42:23<28:46, 19.99it/s]
epoch 3/3:  51%|█████     | 35368/69887 [42:23<28:51, 19.93it/s]
epoch 3/3:  51%|█████     | 35370/69887 [42:23<28:51, 19.93it/s]
epoch 3/3:  51%|█████     | 35373/69887 [42:23<28:40, 20.06it/s]
epoch 3/3:  51%|█████     | 35376/69887 [42:23<28:32, 20.15it/s]
epoch 3/3:  51%|█████     | 35379/69887 [42:23<28:30, 20.17it/s]
epoch 3/3:  51%|█████     | 35382/69887 [42:23<28:32, 20.15it/s]
epoch 3/3:  51%|█████     | 35385/69887 [42:24<28:30, 20.17it/s]
epoch 3/3:  51%|█████     | 35388/69887 [42:24<28:26, 20.21it/s]
epoch 3/3:  51%|█████     | 35391/69887 [42:24<28:40, 20.05it/s]
epoch 3/3:  51%|█████     | 35394/69887 [42:24<28:34, 20.12it/s]
epoch 3/3:  51%|█████     | 35397/69887 [42:24<28:26, 20.22it/s]
epoch 3/3:  51%|█████     | 35400/69887 [42:24<28:20, 20.28it/s]
epoch 3/3:  51%|█████     | 35403/69887 [42:24<28:19, 20.29it/s]
epoch 3/3:  51%|█████     | 35406/69887 [42:25<28:17, 20.31it/s]
epoch 3/3:  51%|█████     | 35409/69887 [42:25<28:14, 20.35it/s]
epoch 3/3:  51%|█████     | 35412/69887 [42:25<28:11, 20.38it/s]
epoch 3/3:  51%|█████     | 35415/69887 [42:25<28:10, 20.39it/s]